card_id,changed_fields
004698a4-58a9-42a3-8566-57ebf01c3dc8,images_base
00bc8ae5-8ff8-4efd-9659-0673da52f0cb,images_base
01534c38-ed07-400a-aa93-404ff101022c,audios
015ab440-c0b2-4f56-981f-833fa5a55545,images_base
0194a32d-892e-4ccf-ad58-31b0ef13f4bb,images_base
01bac648-67b8-4822-9897-945ac92f7efa,images_base
01d97c6e-3820-4b1b-ae7c-ff1774a3daa4,images_base
02856048-0cb2-40be-83bf-8d02b82c2660,images_base
0295a6aa-24dd-4410-a081-8bb2da84a572,images_base
02db08a8-99c7-4968-b629-9b2e09cf683a,images_base
031f8c00-3c82-4b51-a613-ef95f7a8716f,images_base
0361d10a-ea67-4e2c-ba90-0afaee481187,images_base
04131053-3688-4a6e-bf58-ed4fe69de956,images_base
0441a7ca-b86d-47a9-b2ae-d467dcd6d646,images_base
04a79ca5-ec1c-41ad-acd0-868eb8d1cf09,images_base
04e50260-5629-40e8-a73a-c9e538a11ecd,images_base
04f4f1c4-ac28-4aa5-9669-f793eddcc353,images_base
052d670c-3990-4ffc-ac77-fca417164527,images_base
054688f7-1807-4116-b62f-798168afef59,images_base
05c23e7f-5e51-4f8a-8cca-d85958c29d11,images_base
06449a54-13d8-4a54-a965-f81024869c2a,images_base
066292f4-e646-42ea-8b7f-85d568c511c1,images_base
069b38bd-fe9e-4264-b84f-8889be31102d,images_base
06a796eb-da0a-4bad-b03c-b81776d983ae,images_base
06bee05e-11e1-424f-81a2-48f75803390a,images_base
06fcf7c8-102f-4b11-ad3f-2208c954ae72,images_base
0816de92-0e80-4cdd-9c69-343ec9cd2d3f,images_base
0817e266-9f9a-4894-b0b4-a8e21a495f32,images_base
082877ba-6909-49b2-9f20-6c4bb2275298,images_base
0873bbd1-2018-4d45-b5e8-dfd30b982bda,images_base
08862ddf-53e6-4302-8599-d9a7a31ad4cf,images_base
08a81920-35f1-448e-b1cd-e9a8e646a421,images_base
08e435e4-0d84-4ad5-85b7-476801a72922,images_base
090b57a4-a2d1-458d-a051-6cce437e8184,images_base
0950d401-387c-482a-b9a6-a76eb7defb88,images_base
09592547-aa19-40ba-b429-a8dc6da949dc,images_base
09b2bb4d-77e4-498f-ae8e-49b8b20827cc,images_base
09e5f322-8043-4754-9f10-efe92ac55add,images_base
0a53d967-45c7-46fe-a95b-be54e5285dd0,images_base
0a5ffe4b-378b-42f4-80b7-6ef8cc799370,"images_base,audios"
0a95e987-1a34-4388-85cc-a85d94d7245c,images_base
0b13c807-91c8-4187-8274-0dbd619225ac,images_base
0b191fb6-1f9e-4ffd-8e21-1d98fb199d86,images_base
0b7acca6-4ef9-44f8-9c7a-47a4757183cf,audios
0b8ff15b-af28-483e-a30c-3c17a64f16e3,images_base
0b9d5a65-3bb1-4cb2-b218-8ccac7f8adc6,images_base
0bca4fca-6ab0-4eb2-884c-390151ad5e72,images_base
0c70c514-151b-45e7-ab60-4927e7bcf90a,images_base
0cbc3ada-1be7-4ba1-ab92-80fbc1eaf8f9,audios
0d079112-ca74-4e7d-817f-866fafb7c48c,images_base
0d35eab6-75dc-498a-ac21-b53d2c3677f9,images_base
0d51bc99-856a-4597-a8f2-00e4b5ae4eb0,images_base
0de4d576-3f31-4abd-a8e9-dcb542fa0c42,images_base
0e12f39e-d097-4668-93fa-fac180cdbbdb,images_base
0e2420a7-fa01-4a8f-9083-e7dc6802f278,images_base
0e8cba10-f753-4b2b-9727-2da6648aa016,images_base
0ecf007c-e039-4963-965f-b8fc51785d79,images_base
0f1003b1-f541-4088-bc68-f4f05c1a47ab,audios
0fcd0995-9499-4389-8e17-47ead7aba27b,images_base
0fefdeb0-707f-4f84-9db1-e30f74bf1d98,images_base
0ff51f15-7a4f-4293-9578-f5ba9eca67e4,images_base
10cf68d6-5f7c-48ff-b6aa-04f7c2ea612e,images_base
10daf0b8-69f3-4521-8210-09b5c0c6c266,images_base
10eb1b70-1972-424b-9b40-cf0212f66f73,audios
1101743f-ed21-4a96-8aa0-342e3be56b98,images_base
1129f3f4-e18f-4102-8a50-9e0f561ea6ed,images_base
113ff9d3-6e98-432f-9141-bcfb27af5898,audios
115c88b1-2b35-4ad9-9dc0-9c03f98e7a57,images_base
11de925d-1570-42f8-bad0-4a049e38772c,images_base
12981f75-cfcb-4674-8bc5-2978548444f3,images_base
12c8903d-3099-4e45-865a-05df47e90fc0,audios
12ca57db-acdd-48af-bfbf-6307f0deac10,images_base
12fd9eca-b6f8-445e-98ae-2cdbac4ff479,images_base
130f46fd-bfcc-4601-baf3-9d1e24a49e8f,images_base
137dea6f-c0c1-4c52-87ff-304e406351bc,images_base
1394d9fd-8e76-4a83-97c4-0fe727eb879a,images_base
13e4b33d-d5be-44df-a00b-254c06ab66eb,images_base
13f81b81-3848-43a0-9a10-d6b8df5e4f92,audios
14438daa-929c-40d7-84ed-0c59ed5f82d7,images_base
14a04065-8d84-4d8e-8d00-a9239e2fd233,images_base
14ac9e63-f8dc-47e9-bf2e-3fc3bd9234c3,audios
157e853e-7063-46ad-bb48-572fcf0891c4,images_base
15e8401d-09f7-4770-91b7-ca447d1977f3,images_base
166aa010-50bd-4ad1-bf79-7d3b9edbee9a,images_base
167b82f3-ef4a-4d69-9cf9-4fc06c7fdade,images_base
16bf4eb2-baa8-4b71-ade2-4c6a6ecd316e,images_base
16c5311a-7cc5-43e1-a13e-8227cb882723,images_base
16e26ba5-f52a-46f1-abbd-921879c157e2,images_base
172f99b9-0a5b-444d-8522-aaee0a2d1c4e,images_base
1737aefd-9200-4d1b-b45c-859499c532cf,images_base
17651068-c40e-46ea-a70d-cffe818307fc,images_base
17cf7368-d464-4151-a443-ced86388a62f,images_base
18624cd6-a2d0-42d7-947c-490c73db4671,images_base
18c7f5bb-ccbd-41f2-ac57-7bc61b060de7,images_base
1911d4d0-507f-4141-ab64-21a093f08d65,images_base
1936909f-fba8-406b-9e4c-3370c6649bf8,audios
193a47fc-9c68-4bfe-8a51-75849a02a15a,images_base
19508179-81dc-420b-aa5e-bf45a8bc5f17,images_base
1965c221-72cf-4265-856e-859c94c371ad,images_base
19d2a75c-c4c4-4153-bc24-41384f630946,images_base
1a172881-b865-406c-8eac-1e27dc0690d2,images_base
1a194675-1060-4ce1-8c1d-fa926e1231ee,images_base
1a36c069-32a2-46c9-9855-3d5440120dfb,images_base
1abb8234-00e2-4709-884b-f7ed02488ec3,images_base
1baa7974-bb98-4011-9d6c-6f5223ae98b3,images_base
1bb2887a-ed43-4c5c-b4f5-557cbffa7bac,images_base
1cef0e89-8b68-49ea-8c37-f46b1a1e4283,images_base
1cf9b888-3f49-4506-96ae-a03e383a9a88,images_base
1d0bf1e0-81e4-450d-9903-a8488d369a4e,images_base
1d144c26-bab6-40b7-9185-63003b2ce094,images_base
1e00374a-fba5-4203-8eaa-451602e5fc9f,images_base
1ec8c24b-c273-46cb-be37-8d32f6ea06e5,images_base
1f12c278-c823-457a-b043-1ad6c597c101,images_base
1fb74e3b-21ea-446d-b044-57879cf4659a,images_base
1fc6ff65-647e-47c2-bcdf-73a341fef448,images_base
1fd68b2e-7671-4f44-ba76-12640aec01de,images_base
2030e2ed-ebc6-4e59-af79-bd764fafc9d9,images_base
2035dd7e-1431-4c88-850c-a93fce4bdb75,audios
20a3825c-3630-42aa-8f3e-322e9a593709,images_base
20c94683-efcd-489b-9b92-d1ba30545126,images_base
20f21851-7cb4-4927-9640-32f0b6e456c8,images_base
21b7ad70-9ca2-49f2-8cc8-f25559a07f87,images_base
222a4fa1-9343-4bf1-9176-e786c20c7b63,images_base
2230592a-8d62-48c2-af2f-4d3c5569c818,images_base
22576c9d-8863-4ad1-8d14-2110cb88ebec,images_base
225fb565-a780-45da-add2-21b58f3029c7,images_base
22955d5a-8931-4f7d-a5b5-fe8cb9bf4224,audios
235e1510-82ab-414e-a8c2-78a94f67d650,images_base
23b81997-57a8-4f89-9bd1-286e70ef4509,images_base
24519afa-805b-4a23-b937-ad1dfe4ea9bc,images_base
25370472-97f3-48b9-b4a7-36acb202cb1a,images_base
25c33285-0b58-4d24-a47c-5e60b821fcd6,images_base
26509e6d-72c7-4b4f-b073-0afd42ac83ea,images_base
267cc6ad-9c2c-416b-a1cc-97b1ffcc0fc5,images_base
2749821f-77db-4013-94c2-889071c8f6b5,images_base
27980113-c758-4a8b-a829-badd309334ec,"images_base,audios"
2798c5c2-1ce2-4dad-bb28-93efb526f09a,images_base
27bd6526-28fa-4744-9d19-9276aa85d2e9,images_base
27e15987-e37d-4167-9cec-29ab89abc28d,images_base
2806b31c-052a-4996-9b69-1cd3d91ea2b7,images_base
28239a10-e7c3-4fc9-a739-5869b3966079,images_base
284dea5a-4a4d-4a91-9abe-0ed97b646c1f,images_base
28723978-df1e-4925-94d2-19f7f8a371de,images_base
28b6c318-7ba1-4a91-a862-b87472d3aa5f,images_base
28b73253-887e-4403-a8bb-99d83c5692ee,images_base
29a85fe4-39b9-4728-952b-b33d5a6fadd7,images_base
2a023db7-b1d8-4c25-ae12-9368244b6b12,images_base
2ad311aa-60a8-45c6-b20e-ff37a1ac9705,images_base
2af12d38-e900-463e-a2e2-bcb076169f46,images_base
2b00a465-b767-444f-ac21-a8a07d27f1cb,images_base
2b2a3fec-9ea5-4861-8d24-382655bcf223,images_base
2b54bc27-a934-4a2d-b9fa-4ade144b5298,images_base
2bcf3e45-e090-4f23-9888-d10df3965f6b,images_base
2c0c69be-ffe8-4026-9e45-d49a90b15bbb,images_base
2c526a4f-03fe-4aeb-b89e-0424622bbf34,images_base
2d16e112-d48c-4feb-a867-a84ada4fd5bf,images_base
2d20c6f9-fc95-4d2d-8d78-008f0b666b73,images_base
2d4c0e2e-7b93-45ca-af70-1d31b78be785,images_base
2d7d8c69-6431-45a4-ac46-47e0100182b6,images_base
2d8f9d86-11c7-47c4-a51b-e54510c353c6,images_base
2e0fbffc-b478-45e2-aed6-d169d40713ac,images_base
2e23949b-573e-475b-a04d-f3ca77727424,images_base
2e6a8bfc-c479-416e-bee2-1b7e81a627e0,images_base
2ebd1e77-214b-438d-aa73-901bc5909187,images_base
2ed34c2f-ddf9-47bf-9761-230d31a611ae,images_base
2f4711c1-8aa0-498a-a2f3-01f2b30b4fc2,images_base
2f54a212-43ac-4eb9-a746-30dab4827f67,images_base
2fd1bf62-d996-4aaa-86b5-06e758b0baa4,images_base
2ff7920b-8c02-477f-abd5-0d0e432b40b7,images_base
30191e4c-1914-4eb9-a5b8-6e42ce64b7a1,images_base
302c3177-81c8-4688-bde0-786bf030af23,images_base
303a3de3-0a1e-4a2f-90b3-e7631ce0c4ba,images_base
303a8c7b-fa47-437c-940e-d51e119b40f1,images_base
30540a2e-3b58-496b-b321-32d19dbcec03,images_base
30cb313d-deaa-401a-97d2-1eb3c5c7571c,images_base
3128ec81-cdcf-4eb5-b1c1-9bbb91cb4b0b,images_base
316c6b1c-826c-4f38-8f7c-f7fe418a9f0d,images_base
3283cb41-1dd0-4568-b832-22c0b627dba7,images_base
32b1f218-0d8b-4a9f-bd0d-43bfde97a558,images_base
331c4fc1-cb14-4efb-9930-1cbc368c4c9d,"images_base,audios"
333ddaed-cd4e-4d75-a0d7-27bfac614ddc,images_base
343b7bc7-2e24-4db1-9d7c-ac1557a90a0f,images_base
3463c0bb-12da-48d6-83c3-5c98455896ea,images_base
347baf8f-765c-44a9-b530-6fa9023ab381,images_base
3482b37c-3435-4940-9adc-8ad6bda65412,images_base
349035ee-5bb8-436f-be38-c2378ef400da,images_base
34a34dd2-b8f2-4e1c-8216-e74620c23673,images_base
34f17582-5566-4297-951a-a33ff4ac5cc4,images_base
351b9a8b-3638-4f47-8de0-60e415bdfad9,images_base
365c5815-7b5f-41b6-acd6-2165a92c2af5,images_base
3675d46a-da74-417e-821a-4cffb5743999,images_base
36c4e50b-9019-4158-9a5c-fa6a66c53e39,images_base
3721078a-3be0-4cf6-9897-b65c20417d4d,audios
377650fd-be05-47ab-9781-e85a7de1df7f,images_base
377be0e4-a534-45a2-bf5d-02168c9707d5,images_base
377db3ef-4a52-45a8-b253-47193501e01c,images_base
37f23a06-6ae0-4c79-bfa0-545250ef7857,images_base
38af35a6-e59c-4c21-a9c5-b298f2479cca,images_base
38f12a0f-c3d7-4de5-a028-389f5f4cc492,images_base
3925d45a-770e-4c31-9237-f1089869987e,images_base
39f12ad9-3188-4be4-82cf-d871793cc8e3,images_base
3aa9bd00-e42b-43ac-a7ef-d656ce900910,images_base
3aac4117-8a4a-42c1-b898-37b6a43c6f65,images_base
3aacbc68-5ad3-422b-9bcc-3fe2a8ada794,images_base
3acce5b0-7014-4452-b2fb-f2208390297c,images_base
3af5a050-12b6-4b62-9be6-3fa83022279a,images_base
3b0e042a-d001-409f-9651-43a091a36d06,images_base
3b7b28c3-8ca4-462a-a3fc-a8f3898542af,images_base
3ba6e917-28e0-442d-a497-1d058ad35698,images_base
3bb56500-e584-409f-a944-79f56bdc5478,images_base
3bf01017-002f-42cc-b099-415754f61e8e,images_base
3c068ab2-e52f-4b3c-8586-9338b2dbb5ad,images_base
3c2212e1-f5e7-45b2-a231-e0c178b3f5f7,images_base
3c91587e-e85e-4679-b9c7-ea645c4221f6,images_base
3ca03e6b-d419-4c69-84f4-ada1287dae35,images_base
3d31cf22-c648-4b4b-a0b5-33d772797cb9,images_base
3eadcda1-d5d2-4760-bafc-18e26c11afdc,images_base
3eb4bd96-22a7-4650-9855-994343f07dd0,images_base
3eb6e888-845f-4272-8f2e-8f27ec603b7d,images_base
3ec209ac-4223-4ed7-888b-9c94d82f4da3,images_base
3fc7cc5f-dc8d-430c-afc8-ac416127eece,images_base
405b4f8d-70ef-4240-8e9f-d90905c71701,images_base
406da84a-d8b6-49db-bbde-f0aa94550104,images_base
407140bc-d4a6-405c-a3f2-eea278c42766,images_base
40837c6c-e46c-4e65-9a8b-def6626310d3,audios
41429221-3491-466a-b4e6-2838a7cd7950,images_base
41b71994-b6a2-4366-bb96-049e4ce90c6c,audios
4223b421-ef95-485b-9742-7430089f5e18,images_base
42897680-5d8e-47f4-bbc7-3c956ab7a453,images_base
43085fab-1818-44db-9797-9d38e635052a,images_base
430f7302-f05c-4fcc-9620-7fbae2820f40,images_base
438caf92-44d5-4057-b470-614a1f47f621,images_base
43e30f8d-6e9c-4c6b-b4f2-5f29bb8cf816,images_base
43f2ff21-69f3-4840-9c54-0686f0782eb9,images_base
43fc293c-ea35-42a0-9bdb-2367f92a5e95,images_base
43fc34ec-2d37-4063-baf7-6721485bd51d,images_base
445ba57b-03e2-45b8-986c-fcbcc6beb43d,images_base
447e2554-683f-4050-9f56-443598c615fb,images_base
44d738a6-98dc-442d-b108-9406d4e437e5,images_base
45b26e9d-dc67-4f36-b73b-10df6a1bf363,images_base
45b3c14a-ddf6-4ff0-b4a8-c4ff27278912,images_base
45ccd358-b49d-434a-94f2-9609a44bdc36,images_base
462f08ac-3583-4e8e-b40f-9a1d8e2f9e5e,images_base
464f0a47-741d-4bf9-bac8-75fb31b1743a,images_base
4658c6aa-aad7-4965-bed8-ecba12be6f8b,audios
4667051f-9cca-4ce0-ba6d-a3c573637f6b,images_base
46e8da76-3f2f-4ff0-99c5-2b7e36eef98e,images_base
4713aa47-bce6-48d7-8ed4-52afae4e3f16,images_base
4734bb9b-98a3-4d2d-b535-fb6ffb7c78df,images_base
47706100-3ce9-41dc-b4dc-1b749c6faa68,audios
47b6b7cf-0f78-497d-a2ef-e4201deda7d3,images_base
47cb2f83-09b3-4c1b-8960-d4d0ae2e7993,images_base
47ec0a63-4432-46f9-bd3b-67f83fd1a902,images_base
47ee4865-8b52-48f0-86f3-d2c8bb26e136,images_base
4828054d-197b-4ef2-b342-f40a86dad500,images_base
48e31828-2fd3-46c8-b482-624798a0dd4e,images_base
4916a4bd-fefe-4466-bb3f-f632b1875cd4,images_base
499427c0-b25c-423d-a223-909d1bf957a7,images_base
49d6b0c6-61f5-4c5e-8477-e356995c7b66,images_base
49f99f0d-74ea-4ec2-a951-0448e8811517,images_base
4a0f90bc-fce7-42bd-b12b-61c37b2bff06,images_base
4a5dea36-0d50-4e66-8431-e813a8f14866,images_base
4a7a74a7-57f8-46bf-a656-9612b0672e2d,images_base
4b23a0a9-df8f-45ae-9417-b8e931f28ab2,images_base
4b5986d1-0634-417e-b42d-72faa42d81ea,images_base
4b628fa8-ef0a-41cb-81d9-9d76fa07b144,audios
4b8a83ed-d69a-4590-8ced-20717996f2bc,images_base
4bc9a947-6f40-49f0-bde1-2ee4fc73a2ff,images_base
4bdece12-03fd-4d75-8014-4382bcacacf8,images_base
4c0be5b0-3bef-4dfa-a2cb-7557d4703f4d,images_base
4c57b2c6-38ad-43ab-af6a-2754d1c5d553,images_base
4c8303c5-1a6b-4885-a16b-ba5d24514ffb,images_base
4c8e5505-99a0-4eaa-9370-fdf9d1acc32f,images_base
4c93edce-498e-4e12-868f-8f690ac45113,images_base
4c9e11cc-b944-4eef-8faf-96f1ec76764f,images_base
4cd3d476-8f05-48c6-b4ee-e3cc60ff57c2,images_base
4d35dc19-a6da-4297-88ba-ca7107ec2c05,images_base
4db5e139-4713-45ce-9723-2996d75e321f,images_base
4dfdec98-b220-4bc1-a3a0-856316fef856,images_base
4e028b9e-9529-434d-b5d4-3ca376544acf,images_base
4fbd0200-8c49-4863-ae79-3197f2b5221f,images_base
50056e39-5b37-4996-b1ec-7df542e1af9e,images_base
502a0350-49a5-4616-853d-a92228f6251b,audios
502de803-b4b9-4e7b-9a81-4cfcbe629d1d,images_base
5038436b-462d-406a-88da-8bfb9d066627,images_base
508a7788-7e96-49de-9d6b-9d252e28dddd,images_base
50b28304-ed72-4641-b650-98ede8bf5861,images_base
50bba4fd-04f9-41a6-bac4-b9ae9987485c,images_base
50ced85e-29a3-41b1-b1a9-9a1328da9a1f,images_base
50ecaeab-5f8a-4415-895c-d41bcf628813,images_base
511e9f10-2b00-4e0f-8ced-bb4e2eb98bf2,images_base
515a0f1e-d771-4c69-ab4b-2b4d59f756fb,images_base
515a9cec-25a4-4d0b-bd5f-50048dbc4fce,images_base
51bd807f-31ba-48e5-a033-a2a2c220ec4a,images_base
520a423d-4140-4281-a0fc-ddf482555f5e,images_base
5225e2bb-e2a2-44c4-b215-fd3c59644c1a,images_base
522e5890-6736-47d8-a105-7e0f37ebf715,images_base
523aa081-3516-4da7-8832-bb98becced6e,images_base
5251ce0b-0d71-41c7-9f12-45c02dc6db66,images_base
5298e4fe-2f36-4122-8d36-d67c89d22eec,images_base
52fe5d39-0b39-4049-815c-fc722a1bec6e,images_base
531f38f8-457b-4e73-8c3b-95beac925444,images_base
537d0019-a534-4390-b120-58646f1b36b1,images_base
542a013c-8f8a-48f5-9056-6278e566b55e,images_base
544cc3e8-5c8b-495a-9895-38e754bdea54,images_base
546d32a6-bd0c-46e3-80c6-36a807df08ae,images_base
54cb079c-bdcc-4898-a32b-8c469e9f32e9,images_base
54f3e1aa-5d9f-4b5e-b8e3-cac528cd1f29,images_base
5563402e-a357-4e81-ba3d-4b065e553cbc,images_base
559e7542-1ed8-45e3-94bc-481619d96091,images_base
55ec169b-9547-4879-913a-9b0b8e304869,audios
562e628c-402a-4356-9309-6848df398ea8,images_base
56465687-cb62-442f-bc86-0ab308d154b9,audios
568dc9c5-22e1-4a26-8bd0-a4f595471d8d,images_base
569a0858-b621-43b2-819c-74fe9315a632,images_base
56aed0aa-75b0-42b3-a097-8f5d1b8223d5,images_base
56fc4813-0806-40c0-86f0-342c404964e6,images_base
5766e118-4c47-47e6-9bc4-83a7d0653a30,images_base
578bd4e2-da3c-4bad-b623-15d88a1f4ad9,images_base
57c69e74-5cc5-4437-9a7b-3c9a80abbab0,images_base
58489d4e-46fe-41ac-aa2d-8801b23e3e61,audios
58f7512b-46f4-4574-8ed0-ff3653787a0b,images_base
5905d757-335f-479d-b7fb-7577c2c329f3,audios
590c25ce-bf33-4a8c-8ea7-762133df406c,images_base
593bc859-9102-40a8-8bd4-07b490504d5a,images_base
595118a9-8ea7-4dce-8b66-8f342bcc92a8,audios
59d0feed-090c-452b-9487-3b7fdfa1e2f7,images_base
59f7406b-2bd8-44d3-9d31-b7f18e3766e4,images_base
5a677449-4cbc-4c47-a4d5-3fb163012a07,images_base
5abd6cff-fce8-449c-bd8e-d49490b5e1d2,images_base
5b0e7997-9c4d-4e01-8dbe-c75d63e7c4b6,images_base
5b363967-62a9-4f3c-8ee6-81916d75594a,images_base
5b99e3d9-95fd-487c-b95f-def4ccc49359,images_base
5bf58bdb-04f4-47af-bb4a-a2e9b72b94d5,images_base
5c7a1dbe-3024-42a4-b7ea-e317d8e86585,audios
5c860ac1-00dd-485d-b48e-16e57986667c,images_base
5cebf561-e7fe-4262-bcf0-ff9ac7c71e53,images_base
5d13ab5f-97e3-403c-a25b-f84a7d56a874,images_base
5d20d0eb-349a-4dcd-8a5c-28025a3ac702,images_base
5d5140a4-7ba9-4232-9d8f-d9a5ea8a85ed,images_base
5d986f57-7149-4e45-bd3b-f7b3708b447b,images_base
5de26a49-8b1a-474a-a714-a00ed20ea031,images_base
5de6396d-a0dc-469d-b4e5-f668378ac112,images_base
5e5ca3da-6f65-44f5-b143-9886d8856868,images_base
5e8deab7-8955-4aa4-a257-81b44f15da7c,images_base
5f0829e5-de95-4200-8238-e5ef87aba452,images_base
5f49dce2-304c-49fe-bc7b-61a74a3f8981,images_base
5f83f23c-1420-472e-9b7c-e277f427ba4a,images_base
5f85f93c-a773-4c09-b358-c3fde86c263d,images_base
5f9eae6e-9b2b-4f00-b909-c8ce8156549f,images_base
6011ab16-4b98-4263-b055-78cc755365ad,audios
60285437-b1db-42c5-a990-d63998fa172b,images_base
606802e5-e7c6-4b7c-a0bc-1a369b2db89f,images_base
60b708b4-6a11-4094-bff4-0f888e455b3e,images_base
61155d73-aaf5-4404-943f-ad7454cd3084,images_base
61181eaa-11ab-4589-968b-a8b5cf57af26,images_base
612f7fe4-f3d9-49f4-b565-771344b8f763,images_base
614d28ff-2b03-47be-a46a-0b8b5d183e45,images_base
618e416c-80d4-444d-84b2-14466a72b0c9,images_base
62214614-35f8-4e57-8be2-a8f836a52e1c,audios
626327b1-fe13-4ab5-adec-dbf6b46761c2,images_base
627e9b96-e4f4-4970-894d-2ee6d3675b50,images_base
6296f3e1-6c34-4946-9d73-03649db20272,images_base
6308f620-3488-4824-a1ac-2ba7dd5d88f3,images_base
6336c836-9fab-4347-9293-a9ff67f3873d,images_base
6342621e-859d-41fd-a8d6-0da384615b65,images_base
63774b1b-82bd-4927-9c84-92b66870f7ea,images_base
63e8e53b-8f8e-4bf7-9e60-b0049b58725e,images_base
648791ac-517a-4186-ae74-9b90febed243,audios
6493ce31-1ad0-42cc-aa15-ce5c26301130,images_base
64dab5d8-c137-4ceb-91c3-e2447670eb84,images_base
65220c92-7c4e-4a3c-9c74-671b7fbf9b10,images_base
65663dad-a07a-4e80-9007-97d90292e470,images_base
657469a1-e094-443a-bd70-7d52b3c665e6,images_base
65ce8e28-519e-485d-a64d-15f9bc270f9d,images_base
65fc43da-e9e5-45ca-9a57-f99011ccda58,images_base
665dab6c-da8f-4fab-8335-8cb6b51db427,images_base
668151e3-a1fc-4107-a314-d2c24cf4a893,images_base
66acac17-4ff4-4243-8c14-d92915092e93,images_base
6748a8ae-a738-416d-80e8-35110ce6aac3,images_base
675dd635-fc07-4cf5-a08f-589a1035d947,images_base
6781d35b-f14b-4134-9548-10b853a5b951,images_base
67e94963-e313-4578-8cd6-d0064084d5f4,images_base
68633ad3-dd83-422a-a5a4-445edf43e343,images_base
686da58a-7850-41ef-b924-24df5625dbd0,images_base
68b6eb4b-f6f3-4822-b6c7-3abae5db6bb3,images_base
68eb28c9-dd72-4c57-a0aa-93ee1ce8636c,images_base
68f633da-216e-484d-85bc-2ed77a3ab057,images_base
697431a8-8723-4005-9d30-124a037751c0,images_base
6a3a44e9-bb1d-41d5-8cee-4906a1350714,images_base
6a6469d5-3da7-4b8d-8d26-e473618f39ec,images_base
6a89ea86-7d2a-4ecd-8ee0-4d07e4b3566e,images_base
6bab4e4d-062e-4763-bc2d-12004f9de4c0,images_base
6bd1e7ed-042d-401a-8ad6-46729fe559bf,images_base
6c3a5c1f-437f-4084-85d7-6c0c1de94c99,images_base
6c43a161-6100-4a51-b567-f8fb4c8c3aed,images_base
6c5f0c69-7141-4a2d-8634-dccb64a3786f,images_base
6ca42845-d1fd-431e-b028-068a1ade8492,images_base
6cc0149b-0057-4cd0-a0c2-30b5d95ee1bf,images_base
6d80fe1e-6a0e-408b-843c-629045104f45,images_base
6d83fcdd-57a3-4d27-8657-2d431a509a2f,images_base
6da3ba7d-14a4-4122-9a37-d6c90148b8a0,images_base
6dc1f89a-45ce-4b1f-80b8-afe32789de92,images_base
6df2d64f-96e6-44d6-b942-6e68e1e23846,images_base
6e0033b7-378d-42d7-a03a-202d8b516047,images_base
6e28df60-458f-47ff-a235-d89da766ecfa,images_base
6e2d91c6-e512-480a-a14f-0228942baada,images_base
6e559062-cd22-4a5d-9aac-e1f09cf7bf09,images_base
6e636da3-1569-4097-9dd7-04f4e2a8ac72,images_base
6e7c09a5-d41c-4a1a-adc5-1da3e8ef2b63,images_base
6e7c5468-2e16-4a41-b686-1fed02ee6e5d,images_base
6e7c726a-e7c4-406b-a627-39888a2459ad,images_base
6e8ec1d3-8e1b-4316-a954-91022a375393,images_base
6ea9d92d-8764-4350-ad7b-91b7f99f2158,images_base
6f14372c-6d40-44fe-ad94-01c9bd8633e3,images_base
6f50fa83-2f3d-4117-9dc5-48e741a31aa2,images_base
6fb88349-7e9c-449c-8afc-bb33fad4798a,images_base
6fff1a00-4d95-4035-a2dc-884a2dad0f79,audios
702f8f19-92a0-4a9e-be68-beb6a022a220,images_base
705f8af4-c8be-4867-bc1a-9b00d7dfe7fd,images_base
70b9830c-9927-4397-acd4-ccbd76c70626,images_base
70bd338e-bf31-48f2-b0cd-5e0a8a4ef256,images_base
710b818a-3eab-454c-a193-621ef7b27ffd,images_base
713d83b1-d01a-4fc3-9129-67aa1b8f07ed,images_base
71e1df0a-65f2-4e81-9957-1d3f01337f0c,images_base
71f1a341-1317-470d-acca-ccff2b87d0bc,images_base
71f3b0c0-725d-4641-aa97-f442b5893eeb,images_base
71f61c9f-8c73-42d7-858d-bce92590b622,images_base
72122762-8bbd-4c56-8f0b-949e46d7fdf5,images_base
7292b713-100c-4880-90e5-df34387c09e1,images_base
729bd258-051e-40cf-95e6-4612a29026cb,images_base
72a0d46b-2d3b-4de8-8fe4-9db034fb1b82,images_base
72bbc409-49d1-4b14-af45-30b11c10f9b1,images_base
734fe92c-7428-45db-ba86-bfd9eb3f8857,images_base
73fa8cc0-7e05-4301-96df-f3bd88fe8704,images_base
743ee191-127f-4a31-9caa-67f2db8b32a0,images_base
7446b777-ce17-4924-9db4-7c662c46383a,images_base
7474c06a-5efb-47c5-a491-4db772bf826f,images_base
74a25729-292f-4612-ae65-87e4fa300632,images_base
7586b16b-5938-4a16-ba88-b54324ef61a2,images_base
75925dba-a56f-4b62-a8d5-e8a71587ca03,images_base
760f275a-5c97-47b0-982b-c2105b8d1247,images_base
7631a464-5931-454e-80b0-13a5732cec89,images_base
765ca69f-2447-4693-8be2-bd9824fc6365,images_base
76704bcf-88e8-4f9f-9d33-7b6bc257fce1,images_base
76cae982-fa08-40b4-9a47-ff8bfe1dc55c,images_base
772da69c-88b6-4df2-a6b1-fdd374b16692,images_base
7797724e-18f0-4d94-afd0-c4cff2f06632,images_base
77c2175f-de47-4365-b312-7d37cfa6f43e,images_base
78129c20-a3af-42cc-8064-7f4452b27bea,images_base
781d91d0-3a32-4f2f-ae0c-7507c2d2b3c9,images_base
7843d431-3ab5-4c94-9382-05351e5aaf6c,images_base
78452de1-d9a8-4f60-bcfe-bb24ba6f2fe3,images_base
79450592-834f-4e28-932a-e2197340d317,images_base
79a1c5d1-ea97-46d0-8638-5f2757035db4,images_base
79a863c2-0566-4ff3-927e-aa5cbebf97b7,images_base
79f43cc1-273f-4000-85b2-bc344082f5a9,images_base
7a2fc791-d9ac-4479-a59a-ea1fdd7b4272,images_base
7a3c0bf1-81f2-423c-a35c-ee7abaf72370,images_base
7a90925b-fc43-465c-9ec1-618d5730a113,images_base
7ab3e980-7aab-4f0c-8923-f4d4d72b9c85,images_base
7b4064d7-bcfe-4f19-8b5e-dea71aa2a4d9,images_base
7b5f72fe-0071-4171-806d-c938f5f2b196,images_base
7b755048-a621-4e98-bde7-10c3415834fd,images_base
7b7c80d5-092c-4597-912f-b65ca0c367d9,images_base
7bb683d6-9aa4-4d40-8ea8-ec64abdf232f,images_base
7bbd8494-8a4c-4371-b6ff-b52d4218062b,images_base
7bdb47b6-5076-4090-bdc1-0cd0960f382e,images_base
7c37dba3-e5ee-48e8-a06a-31443d22d84e,images_base
7c435564-eb0e-4a39-b5a0-c62c93e76fb2,images_base
7c44d65d-098e-436a-9585-75fc2989e9ba,images_base
7c7cee41-fa7b-4a1a-a3df-6f809da174a5,images_base
7cd3e082-c2ec-4227-bc11-1b586e025124,images_base
7d251679-b796-4388-8884-8425c34b7e01,images_base
7d50e9dc-383e-4d4b-8c38-e0a8b1f40da8,images_base
7df647f0-4ef1-4b8e-ac79-b620c36f4908,images_base
7e77955b-939d-4cd8-9f1e-588c9aec9a1a,images_base
7e780ddb-4450-4cfe-9909-f901fc96aab6,images_base
7ef88301-bc8e-4f57-bcd1-c087571d6383,images_base
809be53a-71ac-4122-a106-30aa24728c10,images_base
81ce43b4-99b3-47ec-8c7e-1f2ffeb63a65,images_base
81d30249-daa0-4daa-87d7-41d7d2894580,images_base
8221e6e1-257c-4eac-b668-bcdc7f879122,images_base
8231b161-7e9c-498c-bae4-29d37c5b6056,images_base
827f423d-5e6c-4f15-a9dc-771d45b65639,images_base
828ebbd9-3853-4e8d-9770-bd348370ac7a,images_base
82b1e28e-4f24-4ebe-b019-eaca06690f4b,images_base
82b56b0a-7f81-44b8-81c9-39ad3ed55766,images_base
83063415-6f78-471e-9b84-ad922a775c6b,images_base
8308228a-d391-40b9-a502-f8582f2575af,images_base
831a4f8b-26a8-463f-a6a4-08a822e33ff0,images_base
834fcbb8-65a3-405a-ada4-7f3e9608688f,images_base
835b8a13-cc4f-4845-b77c-ddb06ac5de04,images_base
83680905-5503-4fb4-8b19-5f546f4f95d9,images_base
83a1d415-5b03-423a-84bf-94ba1d868f55,audios
8402578d-43d6-48e5-b3f6-9918b292b225,images_base
84730dfd-4b9d-4407-b12f-82284d47c4ea,images_base
8512919d-a8a4-41ff-ab6c-46ca27502041,images_base
8519beac-9409-451d-9fe7-2c8deb51f7af,images_base
852ff889-de71-48be-980d-61cbb73556e8,images_base
859d7935-7b7e-4608-8dc7-08127e7ca997,images_base
86078182-ce72-4e82-83dc-ead87c891bd6,images_base
8656b736-9a2e-416e-ba7a-910100bdc952,images_base
867e62df-48eb-4a7a-8746-040c9ffd7e27,images_base
8686a842-622f-45ee-bd68-a4b8d6226400,images_base
868e3abf-c372-4243-b9f5-640600885c90,images_base
87287419-6f2e-4a4e-a584-2ea38f4c50e6,images_base
872e9525-0b8f-455b-8d61-f585e7b69b6f,audios
87316319-02fc-4bbb-af2c-86c51bdf2f14,images_base
87c3d10b-5044-4136-b66c-420ba7242577,images_base
8850a35f-9a61-4d4c-8e61-0db84839a630,images_base
88d41822-d815-4837-97f5-8a20ab674cb2,images_base
894a657e-7f99-484a-a9f6-e1416f08416c,images_base
89607fee-fc8a-450c-b552-c31f40b89a3d,images_base
89b1fc52-41f5-45f2-b9f4-95b803f5ab9a,images_base
8b22f597-a6c9-4917-8674-68c8ded6f276,images_base
8b63fc06-065b-4e78-8548-a08b46963e3f,images_base
8b7106c0-9d64-41d4-84df-cd40fe1fe83d,images_base
8ba25e8b-1248-4d74-a16b-507cff1a848f,images_base
8bc7334d-326c-420e-b97f-979d389c7b31,images_base
8bf29a9a-3a0c-4983-aade-67fade6185ed,images_base
8c43c5f6-d0fa-4f79-981a-09bdc7688bf2,images_base
8c980f23-892b-4325-8b44-72ce925a82da,images_base
8c9b37f5-ed03-4a1b-a30f-61885f1e84a4,audios
8c9d5417-d777-431a-a4cc-54926f3d2807,images_base
8cc25292-a786-4266-9fa3-2184a6067d92,images_base
8d09c396-8a5a-4814-acd0-906463d0e741,images_base
8d3177f1-033f-401a-9774-7c1537fa50cf,images_base
8d33519a-cddf-4a48-be52-1046418addd4,images_base
8e099adf-43b9-44e6-94b5-049af45603b7,images_base
8e14e52f-ea2d-4b61-96f5-269bd2ac2d1a,images_base
8e8575f3-fff2-4968-9f9f-19f9ad1e8672,images_base
8eb21696-d05c-4aa8-a36f-dfc15a7645d6,images_base
8ebc929a-a917-482f-a452-b27eb8df1b02,images_base
8f1e7cfc-8e5b-4e0d-8649-9af4fb7ac0f3,images_base
8f4466fc-b637-4a1f-8a46-2f9aae80a7db,images_base
8f5a6a1e-d8c9-4158-8ef9-6cd3cabde929,images_base
8f6d1262-cfba-4740-b7d8-59beb0057051,audios
8f8c9b7d-4476-43a6-939e-705a3cf634b6,images_base
8f9dd015-3069-442b-b54a-ff20a458f4ff,images_base
8fa63dc0-0ba4-4413-8bdf-26ee672212cd,images_base
8fdd878a-46b7-44df-add1-1c9713976cd1,images_base
8fe70dfa-40b8-4baa-ab06-a1e4a1d6a1ba,images_base
8ffe4165-6556-4b3a-983a-0e0ee0164f75,images_base
90151063-1e1d-4a8b-b47b-6c170c211607,images_base
901f413b-6d05-4dbd-ad10-28ae3505d751,images_base
909ba0b3-ffea-4244-a381-e7ea95024af4,images_base
90d4a553-b2de-4ceb-8e51-6b7d2cac7044,images_base
91657570-019e-4976-a843-8c38793624ad,images_base
91db9ed8-f4b2-4e2a-be05-813cdb77d408,images_base
922d80ec-8b05-4d8b-be2d-9519af773180,images_base
9255b7fb-386d-492f-9ff6-4d60047ad208,images_base
928cc2e1-6921-4a18-af8d-8eed4107e3dd,images_base
92ad4adf-7a59-4915-8e2c-8defe7eb4754,images_base
9316199e-9f3f-4ca6-8966-e3ced2f4338c,images_base
932e1061-d5d7-4e07-8f25-4e85722639fb,audios
9363c47a-6466-4076-809d-7eefd382e8c3,images_base
93a4899d-7f9f-4637-8f27-f62d4583ff13,images_base
93d9c51a-b3a1-4bcd-9ed1-0bf5ff0000a9,images_base
93ecb078-cc5b-4133-b529-5b172a1a7ac7,images_base
9428f874-5d70-49f5-a9db-17e9dc4fc59f,images_base
944730db-acdc-49d7-b3b3-68679148302f,images_base
948b0aea-548f-4ec9-a6d1-f47540f1d8e9,images_base
948cb122-3d2c-47e8-b2ba-77fc24a18165,images_base
94c24801-7b78-4a93-bb4d-441fd1e73d10,images_base
94d82eac-ebbb-4d1d-8de5-cdfd0558ae9e,images_base
953334bc-3ae0-4e62-96c1-722d6c2805cf,images_base
95552778-b821-4f0c-9d7e-6a542f9f762d,images_base
955f6bdc-8eb4-4a35-b598-d4bb8db73004,images_base
956093fa-bb19-4aa6-b80a-90344561e235,images_base
958afb63-9ef0-46e2-995f-631e77feafa5,images_base
95e19ff8-6097-407e-a54a-bfd09aa161b0,images_base
95fe3efd-571f-4212-8793-f8327c2d9837,audios
9620d743-c6de-4797-97f2-8b36550a4084,images_base
965a5a4d-89ab-4da3-a233-b2a2e18b2796,images_base
968ddbf0-73e2-4eac-a4ba-35064dfe31f6,images_base
96a908e4-d0df-4ad1-a8fe-18818e57d4da,images_base
96f7b3ac-44b9-4468-a4f6-354ea6878fa1,images_base
970f8dcc-fa84-4124-aa7b-5541bdafdaab,images_base
972d39de-7a4b-4e53-9364-a47fc3afa829,images_base
97ce92be-6b45-40c3-8945-08391ca94594,images_base
980671c3-7702-415d-a4b8-3e96c1d29a8c,images_base
984998bb-7856-4241-87e3-bf499e8f84df,images_base
98b5a2f2-e90a-4c64-92bd-296f815ea2ec,images_base
98bba9b8-b4c2-4fbc-bc7c-524d087fab56,images_base
9911c7af-1722-4b34-bfdb-9fe15ed38040,images_base
991a7b90-b97b-4101-b69b-1b8d3c533ed7,images_base
993c0e48-41a9-481e-9f0b-f69f06034a80,images_base
99727c6e-25a5-447f-9dac-8a618d514b92,images_base
99922065-4848-44b2-9617-1daaa4d24092,images_base
99d76bc6-c682-4275-b6bc-0879aee94374,images_base
99dee0e9-6b34-4117-ac07-41d89f6a2c66,images_base
9a050eef-5b63-48fd-af05-568c6e030900,images_base
9a84dfbf-5a37-4276-9c42-abaacf8eb717,images_base
9aa70a07-1a2c-44a8-b82a-f38e49fd5f72,images_base
9abcc13a-aa15-47a2-8bba-051c69d2491a,images_base
9ac456d5-4d05-4816-a8b5-1cc67eb0b932,images_base
9af7ad82-c69f-4823-bbba-140ed56ebb6d,images_base
9b518687-b812-4731-b3aa-5a6edf76499d,images_base
9b6f450a-d776-4ef6-a869-3a2f9e5fc453,images_base
9c0c9f0e-2c22-4e78-8db4-20a4f7ff6ae8,images_base
9c8bbd2a-adee-4414-b551-e1176795e2d3,images_base
9c973e05-dde4-4456-9f51-8e1d3cd29ebd,images_base
9d622b32-539e-47bf-b3f1-4f63d7ac5178,images_base
9d81bc9f-efca-4c7f-b8a2-19a7abdf5fa4,images_base
9ddb1da0-f166-47d1-a54c-4f7952dbf399,images_base
9e100c1c-4421-4567-bb3c-149de0b35c96,images_base
9e437d36-5eb7-4d1a-869d-5d8d386ea987,images_base
9e5091bb-7769-4855-a2a0-8376b666ba36,images_base
9e6833a7-e4a0-4d15-9d9e-9d4dd783f90b,images_base
9eea5d59-3b28-4608-a76d-172e4fab9d25,images_base
9f19b2a7-bf42-4ed0-9207-e73882e5ea5b,images_base
9f7552a2-7c28-45e5-8d43-efc26fb7373c,images_base
9f993484-4110-497e-b250-63d5c40c1594,images_base
a02e9beb-2bbf-4729-9bc6-0c16f44c82c1,images_base
a0383cd6-3d1c-43f9-b36b-efa6a0e96427,images_base
a05d383f-2553-4130-ba34-ff03eb647cff,images_base
a0698e44-e85c-4ef1-bc9e-5859bf0ecc36,images_base
a0f3657b-6590-4588-97c7-4b94d902e7b1,images_base
a1247ecf-f5be-45a4-84c6-0f7e2f397ec9,images_base
a12f0a1e-6b43-4963-b97d-1ac640a6d82f,images_base
a1b0e142-ad95-4528-8e29-332575bebdde,images_base
a1ded162-b4b4-4ceb-970b-01220f341c58,images_base
a1fe6e0d-0439-4242-9f68-68f9bb380528,images_base
a2062e6c-fabd-46da-a510-3a0c32605b17,images_base
a267aaea-db5e-4112-af2a-f682961da38c,images_base
a28c7f19-0afc-42ff-822d-b04ade4c3240,images_base
a316e9ae-146d-46b8-9b25-f8f7231c1869,images_base
a33750c4-91f4-41a3-a28e-b72d6d71baee,images_base
a3799415-8bfc-4323-86f6-e8cb17fdca12,images_base
a3c781ff-9a85-459e-9448-5a208fe14719,images_base
a3e3ab58-186b-46b2-aa44-79c03c666293,images_base
a401d314-df2d-4aec-9759-d7d29e8bfcd7,images_base
a409749d-f235-4dde-a334-8689cbf853f5,images_base
a4156c06-2b60-4220-bba5-da99cdcf08e1,images_base
a475291c-f3b0-424a-b104-dfecaaba75d8,images_base
a49d31af-0699-4a5b-b69e-24349458b5a8,images_base
a4aa1cb5-7779-45cf-9cd4-fd5ea6405545,images_base
a4bd1f54-fee9-4503-8911-a56c2d52af25,images_base
a4cfd61e-31a0-467d-b22d-6bba208c2241,images_base
a4f8c173-26e5-44f3-b7ed-3a1a1b992b66,images_base
a4fe3fa7-09a2-434b-be4f-6a5c20ad4e5b,images_base
a5a7aa99-00e1-4e5e-9971-67b67502f648,images_base
a626566b-4175-4dcb-a78f-edbfb2b37c9d,images_base
a6528cab-fc24-4902-890e-93799eb3b1a3,images_base
a6796313-ff93-4206-8044-bccfc98664d9,images_base
a6bba861-144d-4631-9f76-f7a754f56867,images_base
a723d248-6939-4cda-9e36-fccdaa9bf078,images_base
a7644171-f7c7-4f0e-a081-0f9f4a981633,images_base
a7786b6f-3d70-433b-9c28-501a8e48fd24,audios
a80ed1a5-04bb-4653-aaea-6aeb87869a20,images_base
a87bcad3-e785-49a1-a8ef-b2517b11d783,images_base
a8c2992f-dfd4-49ed-a10e-2c0e7d236c5e,images_base
a8cd6955-287c-443d-ae59-eb3617f66979,images_base
a8da7419-a9f5-4bb3-ac0e-54bd195e2793,images_base
a917585a-e4cd-496a-a6d6-9f9faf37ac5b,images_base
a9556161-7827-400d-ba00-95ceb7b9665c,images_base
a99848fb-3f87-4458-9222-b1df717ca1bd,images_base
a9c8b1eb-af98-4bb7-9ed9-7e3646186893,images_base
a9c92f52-081a-4cdd-957b-fb32f26a84de,images_base
a9e5050b-8277-4912-b9f8-ea88a9a5463a,images_base
a9e98f9d-382e-4335-8b35-09779a1a5332,images_base
aa422baf-e1df-483d-ae85-759f48c4cf30,images_base
aa7c0bb2-3583-4fb1-b375-c4c165091c1a,images_base
aa978f38-d7f6-4182-bea7-d9a9c05f7106,audios
ab40c8a0-9d2f-4cbe-8988-1942fe87014c,images_base
ab47f1dc-0ec5-4507-bc07-78838e215852,images_base
ab7090c5-24ff-4c3b-a536-9477ee415795,images_base
ac01bb51-ad98-4639-9455-0b1432842492,images_base
ac05e118-d87e-4214-9dbb-dadf054647c5,images_base
ac0e01a7-9203-466f-b03c-ac0a7b3c8861,images_base
ac137b80-2883-4ed1-a3db-ee06745b6d48,images_base
ac3866a8-fee5-47a0-b585-7acedb57987b,audios
acb0efea-6311-4bf5-a6e2-42ebc6c94fdc,images_base
ad72d750-8366-4b29-9cc4-47bdaea058ae,images_base
ad77f32c-4cda-4223-834c-6f614613babb,images_base
ada6f3cf-aa66-4ad7-99f0-eb854cfbf54c,images_base
ada9ee31-7fbf-49ad-bc3c-e1bc56073140,images_base
ade0541f-58bf-4363-bebd-7b487702c20c,images_base
af0e60cd-55dc-4a03-b87f-5e8767b65a6e,images_base
afe93112-5e56-40eb-a899-a94d3b490e2d,images_base
aff9c464-5da8-4c82-a44e-b8026895b12a,images_base
b02af158-e17a-4ab5-af9f-291eb2484840,images_base
b0701193-bc08-4185-b819-a2c2527b4286,images_base
b075fe32-9562-4ddb-85ac-3462af187a5f,images_base
b0958a12-c221-4192-9848-7f80eae1333e,images_base
b0a00b30-2f16-44ed-b3a0-2e168a73ea96,images_base
b0dc71ee-b077-4c33-b4e3-4cb60aca1d89,images_base
b0e8aa00-a735-4be3-9ba0-c1581b4f24a8,images_base
b123e4e6-49cb-471e-8836-d6c73c4f8d91,images_base
b13357bc-db7b-4ba0-8726-cc401b682e28,images_base
b2896ba1-9f79-407f-80f2-699059da8ef6,images_base
b2b1959e-4614-4167-91ec-253bf9c666c6,images_base
b2b7fb32-53df-4588-8a37-34b0d50a330c,images_base
b397239c-f189-4c87-8e54-bc1ab218e84c,images_base
b3b4cb46-71fb-4d0e-9ce3-496226303d9c,images_base
b3ed9d38-254f-4ce8-8967-09228add2f97,images_base
b47de206-62fc-4d12-8ff2-7e9639c35d39,images_base
b4d102a0-8e27-4aee-b654-23517823c8ba,images_base
b5030edd-67fd-4991-9073-051301f8337d,images_base
b5069f1d-89e3-43f2-8819-9eda18fc03a5,images_base
b5af2036-5f76-471a-9b7a-898c10b09297,images_base
b64e1e2a-6938-467a-a06b-e3f626ce6955,audios
b6e8fea5-0d7c-4fce-a057-e684c5720d47,images_base
b73186a9-bfd5-4592-a188-e8581ae486bc,images_base
b73922e4-27e4-4b6c-94b9-cc4b0e9c2d67,images_base
b757f2ac-1776-4d7a-80c4-b1842cb74ce6,images_base
b7782e78-a360-4fb8-9344-60d354c55434,images_base
b79e6b6f-592c-46a7-aa43-ed773a4b9063,images_base
b7d151c7-fedf-4bfe-9736-6d874c6e8c72,images_base
b7f23c59-9520-48f5-987a-d133ab7a9832,images_base
b8095ef2-7a19-4f85-88ca-36cb240daa7e,images_base
b80dc723-c8ff-448b-af1b-ceaf8f3e1153,audios
b8e130f9-1afa-4c1a-abd5-6dbe313d133d,images_base
b902e358-81d3-4a1a-9466-f6f82a763e62,images_base
b91311a5-5cff-4533-8cf1-fa3f5e03d59a,images_base
b9183087-68ba-4fd7-82b2-9c151fea76a6,images_base
b94a2164-0993-45cb-b62b-7fd3813a74f8,images_base
b9b1eba8-3663-4ce6-ae79-8475247071e5,images_base
ba1cc2fd-74b1-4ea5-acec-bb07b8fb0669,images_base
ba26a46b-0ec9-45fb-b065-d92ed4204506,images_base
ba2f0c17-2953-4732-8044-3c40a26155c5,images_base
ba458bf7-9fc7-47d6-8cd9-9f44c7633785,images_base
baa5664b-2e87-47f3-9186-c4ef5f6e6f72,images_base
bb63281c-c23f-4e95-baea-76e7e7ff6767,images_base
bb78200a-b904-4302-aa02-1524df924b5b,images_base
bbb15fec-119c-4507-b74f-4e5f96f209d8,images_base
bbce880f-0f4d-4015-8ff7-b37cae267d7a,images_base
bbd04da7-427a-4226-85d8-e86e8a717991,images_base
bbdcc77a-0bac-4d22-a0ab-822e6b48e88a,images_base
bbf3b6e8-6120-4ab2-bf35-daa96d041cdb,images_base
bc1787ec-abad-439e-be14-a06bcce93f46,images_base
bc37b63b-a083-43c1-beaf-7a286d37fca6,images_base
bc5e0d3c-3031-4140-b41b-18251433fea6,audios
bc628003-07a5-4f5a-a5b2-24c0799a62c5,images_base
bd129ac2-cabe-4e1d-befa-0b4f0dd09c5c,images_base
bd226cf3-c606-44ce-90f3-397d34e1169a,images_base
bd710872-3d2d-49bb-b77b-58d41cf8a424,images_base
bdae5675-af4f-4272-828c-f239289b69fb,audios
bdf0e631-6d16-428e-9fa2-e190c5a15370,images_base
be5e25b4-dbcc-4563-a308-0bde72d465f7,images_base
bf411d82-cd71-4850-9b1e-2e5b141caa53,images_base
bf9ddc3a-6bab-4c2f-bbaf-28bfc6de3e9f,images_base
bfbe9951-e436-482e-bb0d-6088c10c00ec,images_base
c04ebb82-81cf-45e2-9f47-b3313f53002f,images_base
c0552bed-8d56-4b58-9fae-e6ec12ba67b6,images_base
c1309e5b-dab1-45a8-b2a9-b69ef4fd7217,images_base
c1349e4b-91d6-41fd-be95-4854ce6ae825,images_base
c14ff968-33fa-45a4-845f-f3564804e80d,images_base
c165e8d8-fab4-420c-a2fc-74579d1232c1,images_base
c19a3d83-aaea-49d6-a166-4fba1b48ab6b,images_base
c2076ac7-b529-474d-8bbd-97a439489a30,images_base
c33e13b2-62e3-4cb2-994a-342c7112528c,images_base
c35cd47d-3945-46f8-ba8f-5a1aae0f659c,images_base
c366a6e0-80ad-466e-832b-fd5d2a991ab6,audios
c3c8abb2-f151-4f10-80b8-9cc6df23add9,images_base
c42bdbfd-7a12-44b9-ad6f-adf9f97f5496,images_base
c439e660-fa13-4667-97b5-de6c8af99f62,images_base
c4466f29-76b9-4a28-881a-d4e6ebd19a27,images_base
c466a010-44cc-4250-b881-1d4af78e741a,images_base
c466eb51-891d-4927-b08b-657e0beb3a5a,images_base
c56e8122-a5b8-4cb4-b105-c7d8c0436eb2,images_base
c5b3726c-7818-43d4-9f20-cc5187a912ed,audios
c604da50-1298-4a6d-a8b2-12383952b487,images_base
c667cd14-073f-4c88-a82a-5574e7a2c3ac,images_base
c6694540-69b0-4da4-b4bb-bab70090ce94,images_base
c669f663-1a26-4236-9e3a-9ba2f3c33092,audios
c67167cd-98c4-475e-9b18-1e58c59e2618,images_base
c683d558-5253-4be9-9020-ba1f8999ff41,images_base
c6afcb30-3c1a-4fff-8e56-3e5653a1e69c,images_base
c7b58449-215d-45f8-bec7-378cbbbdf7af,images_base
c8339ae0-ad6d-48ce-b314-247f96d20ef8,images_base
c8849224-9d95-486d-8139-784c1b93cb0b,images_base
c89379ae-3cdb-4173-a007-e646a1dedfc4,images_base
c8a25b1a-a6c5-4dee-91bf-966099637e3c,images_base
c8c71892-56b1-4ef2-9183-b593173a3a75,images_base
c9126167-1158-4338-a441-be345071df00,images_base
c98896f4-fd05-461a-bbe0-9c5d390144fd,images_base
c99c4791-326c-47e7-b286-a01fbb109bfd,images_base
ca162864-b237-4372-8d15-dbc4488f3e1c,images_base
ca1780a3-712a-4029-b196-073902475e3a,images_base
ca30c59e-2a25-4c9e-956c-c05185b853e0,images_base
ca3ac789-173d-4793-ab48-57e60e78b8fc,images_base
ca549f80-6185-4070-91eb-97e6846f4ed2,audios
ca6fb4a4-49ee-4a17-873b-e9fd72e344a6,images_base
ca7d7604-f6e1-4f53-a57b-65e81184107a,images_base
ca87f3fe-5e0a-4195-b064-67170ac41da9,images_base
cbd6594c-45f4-497e-befd-25cfcefa2d3c,images_base
cc29bc1c-ab2d-4a23-93f4-40071bc97f56,images_base
cc4b9618-3ff1-40a9-8b5f-421e5d25afa5,images_base
cc4ddde5-5ab8-4964-a8aa-51276e8e8479,images_base
cc4e8223-ff72-4ba0-b38b-eb760f6be39b,images_base
cc6a598b-d1ab-4152-bc1e-fbfcf75c3cda,audios
cc9edc58-de2c-4536-8f57-85fd9a1c1780,images_base
cccdf7f9-75b1-4704-875e-3859c4746b86,images_base
cce186f1-84da-4b62-b1ee-b5a930c47150,images_base
ccf067c9-6efa-4f49-b03d-3c0ee576ac14,images_base
cd08fbca-261e-4f56-b063-fa6e416ff192,images_base
cd22a370-cfe8-4925-92e3-c5306cb90188,images_base
cd752bb7-9c18-4d69-8c8c-0951b3982e04,images_base
cd85b094-1b17-4071-89f7-3892ece52427,audios
cd969dbb-64c6-476f-b2ec-9028ace0efb2,images_base
cd9c2d65-3def-4712-8531-1773cf59cf8e,images_base
cdbc39cb-efe9-4958-b550-7b3e6c815428,images_base
ceab1c20-fe8d-4076-8c05-1c1ebb07e9db,images_base
cebdcbbf-30c5-4ced-a0c6-27d080604ead,images_base
d0af7f23-6d66-476f-b24e-aec309e0d6c4,images_base
d0b71ccb-0d77-42ca-9a91-be9cf42fb1e0,audios
d1124956-b29b-4a49-b6bc-c6efa9a0dfe4,images_base
d169f559-db74-4b73-b77f-aee93b17467d,images_base
d16ebba7-b23f-4f69-89c5-42cccff0874b,audios
d190698c-8c33-4a36-a6ce-a3e801cc8b9a,images_base
d1d5a3ec-2acd-4b92-a39a-2a92d19c3162,images_base
d2157af0-3fe8-4f14-98db-42908387d742,images_base
d21c26b3-cd90-46b4-9d53-1a4a673effb4,images_base
d299468e-95e8-4802-8092-8c107c6f2d27,images_base
d3bc07d4-97ca-4730-9273-0540942bde42,audios
d3e01844-7e7e-4175-815b-e179399461d6,images_base
d422bb4a-d070-4210-9a6f-2f821ae9fbe6,audios
d472cc15-f066-4660-9bb5-e3478e2fd6aa,images_base
d494974b-9385-4333-8510-eaee88b2b94f,images_base
d57e66c3-d4b1-4483-a423-bb69818f7841,images_base
d648d8d1-9f56-4389-96db-045707e65d11,images_base
d6a62db0-5cb1-460f-8501-868ef5f26c1f,images_base
d6aa7d5a-76d3-473b-ad88-5bea5d95f404,images_base
d6bc292d-ebe0-43db-a919-b7be3afc2589,images_base
d6d5deef-fadf-46db-a8a2-f0e6dff8d130,images_base
d6e15b5c-4d68-46cf-bce3-0afd463bfda4,audios
d713282b-b762-4960-9ea0-447beaeae913,images_base
d7c886ca-cc71-4d81-9860-87bd7f19c45c,images_base
d7dbb6ee-df81-46b6-9319-3b92b573a737,images_base
d7e80b7b-cbd5-44b1-a411-bd9965cfe7d8,images_base
d836f29b-bf4a-44f7-b568-a2eec373dd93,images_base
d8cc6b1f-0be0-4846-8f39-16f62db47d32,images_base
d8ea1bf6-3106-4849-a42a-442f84ca0a55,images_base
d90e7948-c7ce-4b2c-a7fe-558f25a579e6,images_base
d9b44259-4f14-4122-b357-628bdd23bc73,audios
d9eb2826-33d9-4a92-9554-78d05781377c,images_base
da236d58-1c4f-4d35-9a4b-af054466675c,images_base
da2c0bdd-c1ff-4ceb-960c-be9c41e5c38d,images_base
da4e2e4d-cfb4-4f54-a91d-b19bd87aeb70,audios
da571712-e0b5-4270-b973-bdc89a4c9738,images_base
da951184-a706-4fe5-9f72-7ea9833499e8,images_base
daa3faa9-c3e5-4a1a-8a84-cd002a1a6575,images_base
daacfa0e-9c24-4243-8c22-ed25c64893ac,audios
dadd6d62-15f2-4d71-bef0-b609a1fd185d,images_base
db3e0184-552e-4bbd-a33f-fddb4e197ef9,images_base
db9bd4cb-ff45-4eb7-81dd-fbf065cd7b63,images_base
dbaac6d7-691c-4c27-a58f-cbf87e5be462,images_base
dbb9c611-3448-4a5b-826f-b91b06146f69,images_base
dbcb3da5-e195-4056-a4e7-7eafa0ff702f,images_base
dbdd72cc-0539-4617-a6d4-f598d6043b41,images_base
dc192ca1-8d84-493b-a821-2e8b4113b953,images_base
dc77fdd2-55dd-41f5-8df9-c7565ff763c6,images_base
dc797017-48e9-49e4-aa96-eb88c1db7fcb,images_base
dd0ab62b-1f5c-49d1-b60b-1381eab53e9b,images_base
dd65c54e-0fc0-4ca4-9d44-15b0ee9fabc4,"images_base,audios"
ddb46623-7543-4a80-9682-a05ac3ed9f44,images_base
ddc10e41-2fc0-4762-9645-eb878f97eceb,images_base
ddddaf6a-c3c8-488b-9163-7988a64de68d,images_base
de1f7493-f390-4706-8b81-58edb240d09a,images_base
de2b69bc-5685-4371-b5ee-5e17d4f5df95,images_base
de49f8d2-488d-402d-9afd-182c42880bbb,images_base
de8b9416-e229-4da1-a21a-a320d1a647f3,images_base
deac0815-f6d3-4198-9b24-4687988d29b9,images_base
df9620ea-1445-4e4d-b492-95ce5abc2065,images_base
dfbd1485-5591-42a6-8e66-7850f0458088,images_base
dff8b5d8-ba04-4cc5-b0ad-71467e337e1e,images_base
e02cb71b-055b-465c-81fb-254bc16d26f4,images_base
e0376735-250b-45d7-8822-a420730a6ab1,images_base
e03db021-c624-4db5-b2ab-603758041d83,images_base
e0665978-b740-4a48-b63d-b465231bbd03,audios
e1419cdf-6e3a-4bac-ad0e-128422b0830a,images_base
e19bfc6d-4bd2-4ab1-ae4f-42b5b980b486,images_base
e1d3cfb3-df79-48b6-a124-baaf5a042236,images_base
e20c6cc5-bfc5-44b1-8e60-6ce8466e3c92,images_base
e2619a20-b3b7-4943-9f97-b54a0bfb4edc,images_base
e276381c-f079-4c6f-a58a-50b2fcb9d90e,images_base
e279606d-a666-48a8-9f8f-b3e899cbffee,images_base
e2f43d2b-ef3c-47c9-9fc3-aff7962437ec,images_base
e2fcf253-d386-4498-ba08-02f7a56f828e,images_base
e32503cc-efd7-466f-b0bc-fbbe0eee3bb5,images_base
e3569653-8736-44dd-b2b5-9aa37cb5921f,images_base
e35c294a-6d12-4d04-a8c1-c45e27a4b9c8,images_base
e3793360-1c9a-4ac6-849b-47c71535a2c4,images_base
e38a7e1b-93db-47b4-bc9d-dac1e9f75390,images_base
e39d2250-a20f-4756-9686-6ba46908835e,images_base
e40cb9e4-691b-43e7-a3bc-9d8da79a0752,images_base
e417d644-a6da-416c-9e7a-0cfb742bcc62,images_base
e45f89f6-1f3e-45ce-b0ea-5125e817fe86,images_base
e4f19de9-3145-4af9-a980-64a2f414426a,images_base
e4f97006-2bee-4ef4-bf38-611ffa71cdd4,images_base
e510154a-c994-412f-96a1-cebb3ae5a685,images_base
e5279fdd-2d88-43f5-986c-564ffae06e93,images_base
e57e597f-fe42-49d7-b27a-3c568045effb,images_base
e595d32c-0962-41ed-a3b6-5a77488f47fa,images_base
e5b52bbf-73f6-4ce3-b04b-6c76f4c1867f,images_base
e5feddb8-d0c0-47e4-bb90-ec8a6ce34050,images_base
e60c9d3c-f9c4-4856-af6e-c52b2b49c352,images_base
e7509c9e-b7d9-442c-8153-2679c15e8382,images_base
e792299c-7546-4609-89b8-6c28e78480a4,images_base
e7ac1bf7-4346-4378-910c-05cd62919272,images_base
e7f0343a-bcdb-4893-aa2d-ff7e577ccf48,images_base
e8460b32-b969-418e-aa70-283ae48e6634,audios
e8789c44-1ca4-4230-aa4b-684b97afbe71,images_base
e88f8354-a58d-42b7-9662-04396c4e7e28,images_base
e8b5d24b-d486-46c2-9e57-ebea2fbf2568,images_base
e8e450c9-7ef0-41f8-aa5d-9df54eaec106,images_base
e9cebfc6-8a90-422c-b586-74d1fe59a128,images_base
ea00682e-b56f-4dba-99ae-ad63c3a630b1,images_base
eb1ee462-84d4-4047-a15f-7f7ffce00913,images_base
eba4a068-5860-4fe2-be76-4dce299fc9db,images_base
ec6efe66-668a-4ec0-9986-364f7fa0c76f,images_base
ec85da6a-2d85-4a4f-9bc3-57973248bdd9,images_base
ec8d5eb7-070f-4af0-8bcd-d8d88e9bda04,images_base
ecc2e692-86b7-470b-b571-699c11d8faef,images_base
ece67cd8-622e-4fe3-8c8a-20165e064f9c,images_base
ece9df9b-d7c1-422d-a089-8baabc6efd47,images_base
ed1e2a8d-af60-42ff-8cf0-c69972f2a208,images_base
ed56056d-d4ab-41cb-9fe2-e5d4bfc25512,images_base
ed56dd3a-1aee-4529-9a1b-ec35b31b9a20,images_base
ed73940b-6252-4ce5-9616-27df81a7aab7,images_base
edcc1483-8506-47c4-9721-82806b2c0e9d,images_base
ee3ba61a-6360-4b46-b264-5d05bc61c871,images_base
ee5c864a-bda6-4a26-a040-6482439254d8,images_base
eeb88ade-521b-4bc1-b5ae-b388d924b598,images_base
eed1d63a-0e12-4f63-95e0-1045c86ae912,images_base
ef2389cf-d6a7-4d27-a5c1-5a25f7a1e5ea,images_base
ef26bdf0-3307-4667-84d7-9979d03f4201,images_base
ef978c6c-20ea-4457-ae39-59ad5c07b952,images_base
efa3e63e-9cc4-46e6-bd3b-4d3b14fda029,images_base
efca0e09-de18-4c42-9d3b-c304aa5d80ab,images_base
effc94ff-637e-4eb9-be5a-2ddac60f810c,images_base
f005148a-736f-47ec-9736-a8ca0786c348,audios
f0c6961d-5f0a-48f3-a4f3-a00ce190a842,images_base
f0cdd844-d69e-4698-802e-e565899f31c0,images_base
f0d1730f-8565-463e-b466-64d8ee8602bd,images_base
f111f80d-9712-4b97-a174-3e63c8b6295d,images_base
f1500b3d-8000-4708-9eee-df09e5150b5c,images_base
f1820121-77a4-4ccf-86af-0842e928da39,images_base
f18d438c-a5ab-4edd-90ea-774c6e4e9137,images_base
f1b9717c-7e18-41c7-bb74-c27aaa7d3219,images_base
f1cbfdd0-8c27-473d-8fde-d46236d466ae,images_base
f2014391-47a5-4c22-88de-e53b12ede026,images_base
f20ac113-912d-4039-8ddf-789736d4b58a,images_base
f231a6e6-c793-4bae-8c17-66710987f1a8,images_base
f241025c-1aa5-48a1-b754-7211d5a3ca07,images_base
f2606245-2379-4161-9343-fa2ef3eeab0d,images_base
f2861993-dc8a-49fb-aff3-dba63f208851,images_base
f2eb7135-9108-4875-94a9-d8f831faeee0,images_base
f2f4f5b3-7cf3-40dc-a964-8ff0ce2e5670,images_base
f2fa05a3-93d8-43b2-a70c-89aab1aaa047,audios
f308240d-8386-4a1a-be29-2f062d858c1c,images_base
f3a3026f-a168-40ba-a49c-1c60c89bce26,images_base
f423fe33-417c-41f7-a958-7d188705dd1e,images_base
f4490e3e-33ae-4cd7-af0e-5515f8090da1,images_base
f4770cef-b4e3-4215-b109-d34a67008117,images_base
f482fd64-d567-488d-a1a2-4ef7058b834e,images_base
f4fa59ea-303b-48c3-83e5-ce6c66764795,images_base
f550803f-0941-4d74-89a4-7aaa3a4d7267,images_base
f562b929-19bc-4bd6-bc76-5ab74eed206b,images_base
f579360b-4525-4781-a3fe-87481d0c861a,images_base
f5810ae5-e23d-496d-b951-07e9e71cb5e9,images_base
f5f728fe-e8b8-45a0-9fd5-b350de9c2603,images_base
f6805f32-cebf-4d60-b7d5-e1bab2c7c7b2,audios
f68c46eb-8a58-4a5a-b967-5aef50afbff5,images_base
f7bfc76c-a5a6-4bb3-96fe-f1331b38fedb,audios
f7ea5ad6-a885-47a2-a5e3-26bb7e018b4c,images_base
f81a1e55-90cd-40fb-9ece-5fc766fc56d9,images_base
f82596f0-60f9-40dd-93cd-5e0bee938ddb,images_base
f8ba1bdc-b0ba-461a-a397-45d960595502,images_base
f8edefb2-8a95-4f9b-83a2-15724c687ac2,images_base
f91fbf39-1a4f-40ac-b941-57d41125cedf,images_base
f92882e1-b5c4-4c63-b4a9-f4ce24c1570e,images_base
f92944a9-9432-482a-b112-75b3037b4e29,images_base
f972e652-df6f-40c1-aefb-417925796bcf,images_base
f9893153-b073-474e-baa6-20912c41b40c,images_base
f9b705d9-0e6d-4b7d-8cb3-33f8f7486f49,images_base
f9bf09c7-7771-43bd-b86e-e6eff2d44668,images_base
fa0832b9-9aeb-44b3-96ba-4a67433cbbff,images_base
fa6178df-dc7c-4c34-a2cc-fe8e9299244f,audios
fa8c2721-fa2b-400d-a7d4-927540489d69,images_base
faca2fca-27c4-4082-806d-622de19b65ab,images_base
fad33d0e-5f4a-495d-adb8-8c5f188237d9,images_base
faf4e362-2676-46d6-b3a1-cdb8f3e4fac9,images_base
fb27d306-f32f-4a00-ae87-102d15425258,images_base
fb7c8c3a-dbec-492c-bb1a-b44c11bc5084,images_base
fba3f7fa-26e9-412d-a0b9-d7df1dfe3363,images_base
fbb45a60-41bd-460c-acf1-e84c62a46016,images_base
fc014d3b-34fd-4d55-91c3-d76c42f0a870,images_base
fc31b7a5-ac9f-4f35-9729-22e9cf89b596,images_base
fc550847-080b-4e5c-8c78-3029615d63c6,images_base
fc66ae78-bba8-4059-b8d9-d2ce379d1174,images_base
fca915bf-ecf1-41c9-8ab6-22a4475029ff,images_base
fcd4734e-771d-4f0e-af05-302fe3616de7,images_base
fcd92b5f-4dc7-46eb-a240-1665a172c4db,images_base
fd183e9f-22da-4b0c-b7cb-3d1c107211a2,images_base
fd59b509-96b4-476d-b2ce-9680718b19c7,images_base
fd9efae9-60a1-4ffc-bd61-8340489f281d,images_base
fdd8ca5f-141a-4f3f-87fa-00fd1ae6385c,images_base
fe00659d-b96c-49db-a986-e51da79dde09,images_base
fe21d715-0a0e-43bf-99ce-8f2e93abfd61,images_base
fe3cf2ef-3b7e-43b3-b598-8e990e96340d,images_base
fe970150-add0-45d1-b49e-b85929d140cb,images_base
ff511a26-18c7-4488-9d4a-37e0fa22e328,images_base
