status,card_id,answer,matched_candidate,source_url,r2_key,public_url,error
updated,8d1cc989-1c1d-48dd-b731-3bd2bc8550a0,Afghanistan,,,cards/8d1cc989-1c1d-48dd-b731-3bd2bc8550a0/global_1776019456754.png,https://aliolo.com/storage/v1/object/public/aliolo-media/cards/8d1cc989-1c1d-48dd-b731-3bd2bc8550a0/global_1776019456754.png,
updated,73473bfd-c05f-43fe-96d0-2ddbc6622201,Albania,,,cards/73473bfd-c05f-43fe-96d0-2ddbc6622201/global_1776019456754.png,https://aliolo.com/storage/v1/object/public/aliolo-media/cards/73473bfd-c05f-43fe-96d0-2ddbc6622201/global_1776019456754.png,
updated,603e6631-9bde-425c-a06a-71f926e7b517,Algeria,,,cards/603e6631-9bde-425c-a06a-71f926e7b517/global_1776019456754.png,https://aliolo.com/storage/v1/object/public/aliolo-media/cards/603e6631-9bde-425c-a06a-71f926e7b517/global_1776019456754.png,
updated,8a65964f-c67e-450d-b978-f56e7ed8d2fd,Andorra,,,cards/8a65964f-c67e-450d-b978-f56e7ed8d2fd/global_1776019456754.png,https://aliolo.com/storage/v1/object/public/aliolo-media/cards/8a65964f-c67e-450d-b978-f56e7ed8d2fd/global_1776019456754.png,
updated,fda75716-f5e7-40fd-b626-3770c8ae8207,Angola,,,cards/fda75716-f5e7-40fd-b626-3770c8ae8207/global_1776019456754.png,https://aliolo.com/storage/v1/object/public/aliolo-media/cards/fda75716-f5e7-40fd-b626-3770c8ae8207/global_1776019456754.png,
updated,ba744eab-80a5-4084-8dac-9f0c78139dc4,Antigua and Barbuda,,,cards/ba744eab-80a5-4084-8dac-9f0c78139dc4/global_1776019456754.png,https://aliolo.com/storage/v1/object/public/aliolo-media/cards/ba744eab-80a5-4084-8dac-9f0c78139dc4/global_1776019456754.png,
updated,f6ce3598-d14d-4c8f-bd64-885d12f94f51,Argentina,,,cards/f6ce3598-d14d-4c8f-bd64-885d12f94f51/global_1776019456754.png,https://aliolo.com/storage/v1/object/public/aliolo-media/cards/f6ce3598-d14d-4c8f-bd64-885d12f94f51/global_1776019456754.png,
updated,92c61f89-baa6-4acd-aaba-8ccbc786eb94,Armenia,,,cards/92c61f89-baa6-4acd-aaba-8ccbc786eb94/global_1776019456754.png,https://aliolo.com/storage/v1/object/public/aliolo-media/cards/92c61f89-baa6-4acd-aaba-8ccbc786eb94/global_1776019456754.png,
updated,85ea1265-6f89-4f9e-9d52-2de05025296a,Australia,,,cards/85ea1265-6f89-4f9e-9d52-2de05025296a/global_1776019456754.png,https://aliolo.com/storage/v1/object/public/aliolo-media/cards/85ea1265-6f89-4f9e-9d52-2de05025296a/global_1776019456754.png,
updated,f0b98b88-991d-4cec-8de6-b6359c102beb,Austria,,,cards/f0b98b88-991d-4cec-8de6-b6359c102beb/global_1776019456754.png,https://aliolo.com/storage/v1/object/public/aliolo-media/cards/f0b98b88-991d-4cec-8de6-b6359c102beb/global_1776019456754.png,
updated,a40d54e7-ad81-4fdd-9705-ea4c603d1c28,Azerbaijan,,,cards/a40d54e7-ad81-4fdd-9705-ea4c603d1c28/global_1776019456754.png,https://aliolo.com/storage/v1/object/public/aliolo-media/cards/a40d54e7-ad81-4fdd-9705-ea4c603d1c28/global_1776019456754.png,
updated,db2fd12c-ba30-473d-8d87-953349743ce4,Bahrain,,,cards/db2fd12c-ba30-473d-8d87-953349743ce4/global_1776019456754.png,https://aliolo.com/storage/v1/object/public/aliolo-media/cards/db2fd12c-ba30-473d-8d87-953349743ce4/global_1776019456754.png,
updated,4de1afd7-1908-475e-b9cc-6057fdb79d48,Bangladesh,,,cards/4de1afd7-1908-475e-b9cc-6057fdb79d48/global_1776019456754.png,https://aliolo.com/storage/v1/object/public/aliolo-media/cards/4de1afd7-1908-475e-b9cc-6057fdb79d48/global_1776019456754.png,
updated,f51726c5-2e05-4161-aaea-32f91b317cef,Barbados,,,cards/f51726c5-2e05-4161-aaea-32f91b317cef/global_1776019456754.png,https://aliolo.com/storage/v1/object/public/aliolo-media/cards/f51726c5-2e05-4161-aaea-32f91b317cef/global_1776019456754.png,
updated,b655f7c6-387b-4859-901c-d73c22088fbd,Belarus,,,cards/b655f7c6-387b-4859-901c-d73c22088fbd/global_1776019456754.png,https://aliolo.com/storage/v1/object/public/aliolo-media/cards/b655f7c6-387b-4859-901c-d73c22088fbd/global_1776019456754.png,
updated,d656058a-56d1-45e6-b704-d1663f101435,Belgium,,,cards/d656058a-56d1-45e6-b704-d1663f101435/global_1776019456754.png,https://aliolo.com/storage/v1/object/public/aliolo-media/cards/d656058a-56d1-45e6-b704-d1663f101435/global_1776019456754.png,
updated,d767bd5f-62be-4ca2-925e-99ac278ec839,Belize,,,cards/d767bd5f-62be-4ca2-925e-99ac278ec839/global_1776019456754.png,https://aliolo.com/storage/v1/object/public/aliolo-media/cards/d767bd5f-62be-4ca2-925e-99ac278ec839/global_1776019456754.png,
updated,a851cbd9-855f-4f1a-8147-027ff892e328,Benin,,,cards/a851cbd9-855f-4f1a-8147-027ff892e328/global_1776019456754.png,https://aliolo.com/storage/v1/object/public/aliolo-media/cards/a851cbd9-855f-4f1a-8147-027ff892e328/global_1776019456754.png,
updated,10427973-8035-4d44-8ef8-7986be167d67,Bhutan,,,cards/10427973-8035-4d44-8ef8-7986be167d67/global_1776019456754.png,https://aliolo.com/storage/v1/object/public/aliolo-media/cards/10427973-8035-4d44-8ef8-7986be167d67/global_1776019456754.png,
updated,10f8ec64-bcc7-496e-9339-c1d4e59e9e83,Bolivia,,,cards/10f8ec64-bcc7-496e-9339-c1d4e59e9e83/global_1776019456754.png,https://aliolo.com/storage/v1/object/public/aliolo-media/cards/10f8ec64-bcc7-496e-9339-c1d4e59e9e83/global_1776019456754.png,
updated,c7eed2be-2c12-48bf-9a9e-b37bd62d2464,Bosnia and Herzegovina,,,cards/c7eed2be-2c12-48bf-9a9e-b37bd62d2464/global_1776019456754.png,https://aliolo.com/storage/v1/object/public/aliolo-media/cards/c7eed2be-2c12-48bf-9a9e-b37bd62d2464/global_1776019456754.png,
updated,42e81212-acad-4ff8-9bc8-2db8cf917cb6,Botswana,,,cards/42e81212-acad-4ff8-9bc8-2db8cf917cb6/global_1776019456754.png,https://aliolo.com/storage/v1/object/public/aliolo-media/cards/42e81212-acad-4ff8-9bc8-2db8cf917cb6/global_1776019456754.png,
updated,6737ecf7-7680-42d4-9056-b9b96b96346d,Brazil,,,cards/6737ecf7-7680-42d4-9056-b9b96b96346d/global_1776019456754.png,https://aliolo.com/storage/v1/object/public/aliolo-media/cards/6737ecf7-7680-42d4-9056-b9b96b96346d/global_1776019456754.png,
updated,6986fe62-a138-42fd-8601-5fb3c70fa09a,Brunei,,,cards/6986fe62-a138-42fd-8601-5fb3c70fa09a/global_1776019456754.png,https://aliolo.com/storage/v1/object/public/aliolo-media/cards/6986fe62-a138-42fd-8601-5fb3c70fa09a/global_1776019456754.png,
updated,7c3a0ad3-80cc-42ff-95f9-5b122e6af6cc,Bulgaria,,,cards/7c3a0ad3-80cc-42ff-95f9-5b122e6af6cc/global_1776019456754.png,https://aliolo.com/storage/v1/object/public/aliolo-media/cards/7c3a0ad3-80cc-42ff-95f9-5b122e6af6cc/global_1776019456754.png,
updated,6aaab6d4-ba54-4bb3-b49c-be17167c8031,Burkina Faso,,,cards/6aaab6d4-ba54-4bb3-b49c-be17167c8031/global_1776019456754.png,https://aliolo.com/storage/v1/object/public/aliolo-media/cards/6aaab6d4-ba54-4bb3-b49c-be17167c8031/global_1776019456754.png,
updated,ba937b30-b99a-4791-83ac-cf2205238716,Burundi,,,cards/ba937b30-b99a-4791-83ac-cf2205238716/global_1776019456754.png,https://aliolo.com/storage/v1/object/public/aliolo-media/cards/ba937b30-b99a-4791-83ac-cf2205238716/global_1776019456754.png,
updated,ad5c1722-a275-4a63-8a08-6b5528d1d95a,Cambodia,,,cards/ad5c1722-a275-4a63-8a08-6b5528d1d95a/global_1776019456754.png,https://aliolo.com/storage/v1/object/public/aliolo-media/cards/ad5c1722-a275-4a63-8a08-6b5528d1d95a/global_1776019456754.png,
updated,071a9584-bd2d-43d1-a7b0-d720460f11af,Cameroon,,,cards/071a9584-bd2d-43d1-a7b0-d720460f11af/global_1776019456754.png,https://aliolo.com/storage/v1/object/public/aliolo-media/cards/071a9584-bd2d-43d1-a7b0-d720460f11af/global_1776019456754.png,
updated,c3b45a2d-c0b8-4d58-811e-f52e2a65b88b,Canada,,,cards/c3b45a2d-c0b8-4d58-811e-f52e2a65b88b/global_1776019456754.png,https://aliolo.com/storage/v1/object/public/aliolo-media/cards/c3b45a2d-c0b8-4d58-811e-f52e2a65b88b/global_1776019456754.png,
updated,3ba32bd5-f654-4c66-8d0e-afce6410e733,Cape Verde,,,cards/3ba32bd5-f654-4c66-8d0e-afce6410e733/global_1776019456754.png,https://aliolo.com/storage/v1/object/public/aliolo-media/cards/3ba32bd5-f654-4c66-8d0e-afce6410e733/global_1776019456754.png,
updated,7da1ff3b-2fff-4257-8638-07fb1255c159,Central African Republic,,,cards/7da1ff3b-2fff-4257-8638-07fb1255c159/global_1776019456754.png,https://aliolo.com/storage/v1/object/public/aliolo-media/cards/7da1ff3b-2fff-4257-8638-07fb1255c159/global_1776019456754.png,
updated,027d530a-c415-45cf-99d0-7b891f8e2510,Chad,,,cards/027d530a-c415-45cf-99d0-7b891f8e2510/global_1776019456754.png,https://aliolo.com/storage/v1/object/public/aliolo-media/cards/027d530a-c415-45cf-99d0-7b891f8e2510/global_1776019456754.png,
updated,3565cd7d-1170-450b-90ef-2284acec2eeb,Chile,,,cards/3565cd7d-1170-450b-90ef-2284acec2eeb/global_1776019456754.png,https://aliolo.com/storage/v1/object/public/aliolo-media/cards/3565cd7d-1170-450b-90ef-2284acec2eeb/global_1776019456754.png,
updated,59442f29-0e57-4b3a-854b-9f7d93198d9b,China,,,cards/59442f29-0e57-4b3a-854b-9f7d93198d9b/global_1776019456754.png,https://aliolo.com/storage/v1/object/public/aliolo-media/cards/59442f29-0e57-4b3a-854b-9f7d93198d9b/global_1776019456754.png,
updated,0ea0f53d-4871-4ed6-8f94-d6d83de0be76,Coat of arms of Haiti,,,cards/0ea0f53d-4871-4ed6-8f94-d6d83de0be76/global_1776019456754.png,https://aliolo.com/storage/v1/object/public/aliolo-media/cards/0ea0f53d-4871-4ed6-8f94-d6d83de0be76/global_1776019456754.png,
updated,ec93670a-1615-416e-8e19-a41138430f69,Colombia,,,cards/ec93670a-1615-416e-8e19-a41138430f69/global_1776019456754.png,https://aliolo.com/storage/v1/object/public/aliolo-media/cards/ec93670a-1615-416e-8e19-a41138430f69/global_1776019456754.png,
updated,b5012206-cf85-4743-8072-82b01b9b022c,Comoros,,,cards/b5012206-cf85-4743-8072-82b01b9b022c/global_1776019456754.png,https://aliolo.com/storage/v1/object/public/aliolo-media/cards/b5012206-cf85-4743-8072-82b01b9b022c/global_1776019456754.png,
updated,80e4e81b-eff1-449c-bf22-5732b3cf8e70,Costa Rica,,,cards/80e4e81b-eff1-449c-bf22-5732b3cf8e70/global_1776019456754.png,https://aliolo.com/storage/v1/object/public/aliolo-media/cards/80e4e81b-eff1-449c-bf22-5732b3cf8e70/global_1776019456754.png,
updated,631c213d-353b-462e-b0f4-6a3524c0f1ea,Croatia,,,cards/631c213d-353b-462e-b0f4-6a3524c0f1ea/global_1776019456754.png,https://aliolo.com/storage/v1/object/public/aliolo-media/cards/631c213d-353b-462e-b0f4-6a3524c0f1ea/global_1776019456754.png,
updated,9248d323-27f4-4e68-83d3-786da9cce0ee,Cuba,,,cards/9248d323-27f4-4e68-83d3-786da9cce0ee/global_1776019456754.png,https://aliolo.com/storage/v1/object/public/aliolo-media/cards/9248d323-27f4-4e68-83d3-786da9cce0ee/global_1776019456754.png,
updated,74bfadd3-7f7c-4b4a-ab77-e9dc7615a8a6,Cyprus,,,cards/74bfadd3-7f7c-4b4a-ab77-e9dc7615a8a6/global_1776019456754.png,https://aliolo.com/storage/v1/object/public/aliolo-media/cards/74bfadd3-7f7c-4b4a-ab77-e9dc7615a8a6/global_1776019456754.png,
updated,e262983b-a3b4-4c13-9620-e1166aa237c8,Czech Republic,,,cards/e262983b-a3b4-4c13-9620-e1166aa237c8/global_1776019456754.png,https://aliolo.com/storage/v1/object/public/aliolo-media/cards/e262983b-a3b4-4c13-9620-e1166aa237c8/global_1776019456754.png,
updated,bc474d70-92b2-4433-b213-e21c6d8d4af0,Democratic Republic of the Congo,,,cards/bc474d70-92b2-4433-b213-e21c6d8d4af0/global_1776019456754.png,https://aliolo.com/storage/v1/object/public/aliolo-media/cards/bc474d70-92b2-4433-b213-e21c6d8d4af0/global_1776019456754.png,
updated,38327042-2cdc-48be-af30-89b05acd83ab,Denmark,,,cards/38327042-2cdc-48be-af30-89b05acd83ab/global_1776019456754.png,https://aliolo.com/storage/v1/object/public/aliolo-media/cards/38327042-2cdc-48be-af30-89b05acd83ab/global_1776019456754.png,
updated,d5b828c1-7495-4c1b-8a79-5b2a54fc2470,Djibouti,,,cards/d5b828c1-7495-4c1b-8a79-5b2a54fc2470/global_1776019456754.png,https://aliolo.com/storage/v1/object/public/aliolo-media/cards/d5b828c1-7495-4c1b-8a79-5b2a54fc2470/global_1776019456754.png,
updated,a0650fb3-29e4-4e71-abe9-1f20ab3a67cc,Dominica,,,cards/a0650fb3-29e4-4e71-abe9-1f20ab3a67cc/global_1776019456754.png,https://aliolo.com/storage/v1/object/public/aliolo-media/cards/a0650fb3-29e4-4e71-abe9-1f20ab3a67cc/global_1776019456754.png,
updated,8541262a-bbda-49d2-b5b8-13c625c2b46b,Dominican Republic,,,cards/8541262a-bbda-49d2-b5b8-13c625c2b46b/global_1776019456754.png,https://aliolo.com/storage/v1/object/public/aliolo-media/cards/8541262a-bbda-49d2-b5b8-13c625c2b46b/global_1776019456754.png,
updated,9dc96736-9cec-46e4-9ca7-d8f09b8975e2,Ecuador,,,cards/9dc96736-9cec-46e4-9ca7-d8f09b8975e2/global_1776019456754.png,https://aliolo.com/storage/v1/object/public/aliolo-media/cards/9dc96736-9cec-46e4-9ca7-d8f09b8975e2/global_1776019456754.png,
updated,57f234a0-175c-4fa3-9902-b3427e50309e,Egypt,,,cards/57f234a0-175c-4fa3-9902-b3427e50309e/global_1776019456754.png,https://aliolo.com/storage/v1/object/public/aliolo-media/cards/57f234a0-175c-4fa3-9902-b3427e50309e/global_1776019456754.png,
updated,194759fe-19f1-4e3c-a4c0-054a2c44a2b7,El Salvador,,,cards/194759fe-19f1-4e3c-a4c0-054a2c44a2b7/global_1776019456754.png,https://aliolo.com/storage/v1/object/public/aliolo-media/cards/194759fe-19f1-4e3c-a4c0-054a2c44a2b7/global_1776019456754.png,
updated,ef5fa281-d46f-449d-a754-dc599f66c0c0,Equatorial Guinea,,,cards/ef5fa281-d46f-449d-a754-dc599f66c0c0/global_1776019456754.png,https://aliolo.com/storage/v1/object/public/aliolo-media/cards/ef5fa281-d46f-449d-a754-dc599f66c0c0/global_1776019456754.png,
updated,fb7dca68-b956-446f-8fee-f1e4d17a9356,Eritrea,,,cards/fb7dca68-b956-446f-8fee-f1e4d17a9356/global_1776019456754.png,https://aliolo.com/storage/v1/object/public/aliolo-media/cards/fb7dca68-b956-446f-8fee-f1e4d17a9356/global_1776019456754.png,
updated,bfb32e80-767d-4404-98e1-12efae3ef87f,Estonia,,,cards/bfb32e80-767d-4404-98e1-12efae3ef87f/global_1776019456754.png,https://aliolo.com/storage/v1/object/public/aliolo-media/cards/bfb32e80-767d-4404-98e1-12efae3ef87f/global_1776019456754.png,
updated,0c488d6b-3fa7-4038-8770-47082ba715d5,Eswatini,,,cards/0c488d6b-3fa7-4038-8770-47082ba715d5/global_1776019456754.png,https://aliolo.com/storage/v1/object/public/aliolo-media/cards/0c488d6b-3fa7-4038-8770-47082ba715d5/global_1776019456754.png,
updated,bc983b72-f24f-4ea3-b3ec-0d679c9a14d4,Ethiopia,,,cards/bc983b72-f24f-4ea3-b3ec-0d679c9a14d4/global_1776019456754.png,https://aliolo.com/storage/v1/object/public/aliolo-media/cards/bc983b72-f24f-4ea3-b3ec-0d679c9a14d4/global_1776019456754.png,
updated,40b3b55f-a648-438d-9133-887294486f87,Fiji,,,cards/40b3b55f-a648-438d-9133-887294486f87/global_1776019456754.png,https://aliolo.com/storage/v1/object/public/aliolo-media/cards/40b3b55f-a648-438d-9133-887294486f87/global_1776019456754.png,
updated,0429af06-9012-4cd5-9359-c57e4340e494,Finland,,,cards/0429af06-9012-4cd5-9359-c57e4340e494/global_1776019456754.png,https://aliolo.com/storage/v1/object/public/aliolo-media/cards/0429af06-9012-4cd5-9359-c57e4340e494/global_1776019456754.png,
updated,8289bf79-cf60-47f2-90cb-d26def63d829,France,,,cards/8289bf79-cf60-47f2-90cb-d26def63d829/global_1776019456754.png,https://aliolo.com/storage/v1/object/public/aliolo-media/cards/8289bf79-cf60-47f2-90cb-d26def63d829/global_1776019456754.png,
updated,32336ee0-44b8-4300-b3ac-68efe9a5fd2e,Gabon,,,cards/32336ee0-44b8-4300-b3ac-68efe9a5fd2e/global_1776019456754.png,https://aliolo.com/storage/v1/object/public/aliolo-media/cards/32336ee0-44b8-4300-b3ac-68efe9a5fd2e/global_1776019456754.png,
updated,83fb50ec-55fb-4863-8a89-bded00f7ed99,Georgia,,,cards/83fb50ec-55fb-4863-8a89-bded00f7ed99/global_1776019456754.png,https://aliolo.com/storage/v1/object/public/aliolo-media/cards/83fb50ec-55fb-4863-8a89-bded00f7ed99/global_1776019456754.png,
updated,9e963a1b-624f-4a29-af07-87d882ac8813,Germany,,,cards/9e963a1b-624f-4a29-af07-87d882ac8813/global_1776019456754.png,https://aliolo.com/storage/v1/object/public/aliolo-media/cards/9e963a1b-624f-4a29-af07-87d882ac8813/global_1776019456754.png,
updated,bc1d48f2-b174-473c-9759-4c1d9d1e29c1,Ghana,,,cards/bc1d48f2-b174-473c-9759-4c1d9d1e29c1/global_1776019456754.png,https://aliolo.com/storage/v1/object/public/aliolo-media/cards/bc1d48f2-b174-473c-9759-4c1d9d1e29c1/global_1776019456754.png,
updated,5097fb39-fef8-4741-91da-db2d647911c3,Greece,,,cards/5097fb39-fef8-4741-91da-db2d647911c3/global_1776019456754.png,https://aliolo.com/storage/v1/object/public/aliolo-media/cards/5097fb39-fef8-4741-91da-db2d647911c3/global_1776019456754.png,
updated,48581167-30f4-4db1-94c1-c04b621baf53,Grenada,,,cards/48581167-30f4-4db1-94c1-c04b621baf53/global_1776019456754.png,https://aliolo.com/storage/v1/object/public/aliolo-media/cards/48581167-30f4-4db1-94c1-c04b621baf53/global_1776019456754.png,
updated,bc7ac439-48e3-49c9-99ee-2d6c3fd4ee6d,Guatemala,,,cards/bc7ac439-48e3-49c9-99ee-2d6c3fd4ee6d/global_1776019456754.png,https://aliolo.com/storage/v1/object/public/aliolo-media/cards/bc7ac439-48e3-49c9-99ee-2d6c3fd4ee6d/global_1776019456754.png,
updated,853b574f-b383-42fa-a5f6-d57fdbbd80b0,Guinea,,,cards/853b574f-b383-42fa-a5f6-d57fdbbd80b0/global_1776019456754.png,https://aliolo.com/storage/v1/object/public/aliolo-media/cards/853b574f-b383-42fa-a5f6-d57fdbbd80b0/global_1776019456754.png,
updated,06642de7-1f47-4b4e-b913-28463f5182b1,Guinea-Bissau,,,cards/06642de7-1f47-4b4e-b913-28463f5182b1/global_1776019456754.png,https://aliolo.com/storage/v1/object/public/aliolo-media/cards/06642de7-1f47-4b4e-b913-28463f5182b1/global_1776019456754.png,
updated,a0b01cee-0e42-4178-8762-3262defdf1a2,Guyana,,,cards/a0b01cee-0e42-4178-8762-3262defdf1a2/global_1776019456754.png,https://aliolo.com/storage/v1/object/public/aliolo-media/cards/a0b01cee-0e42-4178-8762-3262defdf1a2/global_1776019456754.png,
updated,94cacb47-6da1-46e5-8af9-2844e5e87c91,Haiti,,,cards/94cacb47-6da1-46e5-8af9-2844e5e87c91/global_1776019456754.png,https://aliolo.com/storage/v1/object/public/aliolo-media/cards/94cacb47-6da1-46e5-8af9-2844e5e87c91/global_1776019456754.png,
updated,2f8c774f-1503-4915-8b41-a63e69a0958c,Honduras,,,cards/2f8c774f-1503-4915-8b41-a63e69a0958c/global_1776019456754.png,https://aliolo.com/storage/v1/object/public/aliolo-media/cards/2f8c774f-1503-4915-8b41-a63e69a0958c/global_1776019456754.png,
updated,875767f4-34c5-4216-86e6-fde1478fcff4,Hungary,,,cards/875767f4-34c5-4216-86e6-fde1478fcff4/global_1776019456754.png,https://aliolo.com/storage/v1/object/public/aliolo-media/cards/875767f4-34c5-4216-86e6-fde1478fcff4/global_1776019456754.png,
updated,700539a4-e955-4653-a8c5-0dffd162728c,Iceland,,,cards/700539a4-e955-4653-a8c5-0dffd162728c/global_1776019456754.png,https://aliolo.com/storage/v1/object/public/aliolo-media/cards/700539a4-e955-4653-a8c5-0dffd162728c/global_1776019456754.png,
updated,b1d5200f-3c74-4922-8f97-397b0731f689,India,,,cards/b1d5200f-3c74-4922-8f97-397b0731f689/global_1776019456754.png,https://aliolo.com/storage/v1/object/public/aliolo-media/cards/b1d5200f-3c74-4922-8f97-397b0731f689/global_1776019456754.png,
updated,a4a4aa4f-6119-4a41-91fc-f94e26e6eae7,Indonesia,,,cards/a4a4aa4f-6119-4a41-91fc-f94e26e6eae7/global_1776019456754.png,https://aliolo.com/storage/v1/object/public/aliolo-media/cards/a4a4aa4f-6119-4a41-91fc-f94e26e6eae7/global_1776019456754.png,
updated,c10f0fc8-d8df-4d63-926d-d6ae7d5b2ef6,Iran,,,cards/c10f0fc8-d8df-4d63-926d-d6ae7d5b2ef6/global_1776019456754.png,https://aliolo.com/storage/v1/object/public/aliolo-media/cards/c10f0fc8-d8df-4d63-926d-d6ae7d5b2ef6/global_1776019456754.png,
updated,e285d9c3-2c4a-4fe1-b1af-3a7bb6b2ed00,Iraq,,,cards/e285d9c3-2c4a-4fe1-b1af-3a7bb6b2ed00/global_1776019456754.png,https://aliolo.com/storage/v1/object/public/aliolo-media/cards/e285d9c3-2c4a-4fe1-b1af-3a7bb6b2ed00/global_1776019456754.png,
updated,2355a8dd-61de-4426-b75b-78f2c9baab2d,Ireland,,,cards/2355a8dd-61de-4426-b75b-78f2c9baab2d/global_1776019456754.png,https://aliolo.com/storage/v1/object/public/aliolo-media/cards/2355a8dd-61de-4426-b75b-78f2c9baab2d/global_1776019456754.png,
updated,c21feacf-8aeb-4b9a-9c3d-78f81931e982,Israel,,,cards/c21feacf-8aeb-4b9a-9c3d-78f81931e982/global_1776019456754.png,https://aliolo.com/storage/v1/object/public/aliolo-media/cards/c21feacf-8aeb-4b9a-9c3d-78f81931e982/global_1776019456754.png,
updated,e408a528-d63a-43e7-8df8-255003774af7,Italy,,,cards/e408a528-d63a-43e7-8df8-255003774af7/global_1776019456754.png,https://aliolo.com/storage/v1/object/public/aliolo-media/cards/e408a528-d63a-43e7-8df8-255003774af7/global_1776019456754.png,
updated,320c9e88-7229-4082-8905-92300c148769,Ivory Coast,,,cards/320c9e88-7229-4082-8905-92300c148769/global_1776019456754.png,https://aliolo.com/storage/v1/object/public/aliolo-media/cards/320c9e88-7229-4082-8905-92300c148769/global_1776019456754.png,
updated,e05d6c9f-80e9-4620-bc15-600dfab2595a,Jamaica,,,cards/e05d6c9f-80e9-4620-bc15-600dfab2595a/global_1776019456754.png,https://aliolo.com/storage/v1/object/public/aliolo-media/cards/e05d6c9f-80e9-4620-bc15-600dfab2595a/global_1776019456754.png,
updated,5129c43f-6b17-4330-8111-4501c41e22ba,Japan,,,cards/5129c43f-6b17-4330-8111-4501c41e22ba/global_1776019456754.png,https://aliolo.com/storage/v1/object/public/aliolo-media/cards/5129c43f-6b17-4330-8111-4501c41e22ba/global_1776019456754.png,
updated,6bd8209b-b67a-4c7b-90d2-b3ddc6716009,Jordan,,,cards/6bd8209b-b67a-4c7b-90d2-b3ddc6716009/global_1776019456754.png,https://aliolo.com/storage/v1/object/public/aliolo-media/cards/6bd8209b-b67a-4c7b-90d2-b3ddc6716009/global_1776019456754.png,
updated,1f2282f9-0920-43d5-b378-0b4bc4daebc7,Kazakhstan,,,cards/1f2282f9-0920-43d5-b378-0b4bc4daebc7/global_1776019456754.png,https://aliolo.com/storage/v1/object/public/aliolo-media/cards/1f2282f9-0920-43d5-b378-0b4bc4daebc7/global_1776019456754.png,
updated,fce7a6ba-659c-4d05-82f5-35da9702215a,Kenya,,,cards/fce7a6ba-659c-4d05-82f5-35da9702215a/global_1776019456754.png,https://aliolo.com/storage/v1/object/public/aliolo-media/cards/fce7a6ba-659c-4d05-82f5-35da9702215a/global_1776019456754.png,
updated,8576ef62-eb49-4166-b4a8-4dd35aa2f91e,Kiribati,,,cards/8576ef62-eb49-4166-b4a8-4dd35aa2f91e/global_1776019456754.png,https://aliolo.com/storage/v1/object/public/aliolo-media/cards/8576ef62-eb49-4166-b4a8-4dd35aa2f91e/global_1776019456754.png,
updated,80cb78b6-c142-44cc-9160-70b592f0764f,Kuwait,,,cards/80cb78b6-c142-44cc-9160-70b592f0764f/global_1776019456754.png,https://aliolo.com/storage/v1/object/public/aliolo-media/cards/80cb78b6-c142-44cc-9160-70b592f0764f/global_1776019456754.png,
updated,61ac6ff4-b8a4-430e-9d75-507ea0dc0ba5,Kyrgyzstan,,,cards/61ac6ff4-b8a4-430e-9d75-507ea0dc0ba5/global_1776019456754.png,https://aliolo.com/storage/v1/object/public/aliolo-media/cards/61ac6ff4-b8a4-430e-9d75-507ea0dc0ba5/global_1776019456754.png,
updated,ad702d11-54ae-4c44-b552-fc59b5009985,Laos,,,cards/ad702d11-54ae-4c44-b552-fc59b5009985/global_1776019456754.png,https://aliolo.com/storage/v1/object/public/aliolo-media/cards/ad702d11-54ae-4c44-b552-fc59b5009985/global_1776019456754.png,
updated,f2bd0852-a627-4d7f-afc0-35ee0c62414e,Latvia,,,cards/f2bd0852-a627-4d7f-afc0-35ee0c62414e/global_1776019456754.png,https://aliolo.com/storage/v1/object/public/aliolo-media/cards/f2bd0852-a627-4d7f-afc0-35ee0c62414e/global_1776019456754.png,
updated,fb2a886d-851d-4476-a3c3-888b02c0cc2b,Lebanon,,,cards/fb2a886d-851d-4476-a3c3-888b02c0cc2b/global_1776019456754.png,https://aliolo.com/storage/v1/object/public/aliolo-media/cards/fb2a886d-851d-4476-a3c3-888b02c0cc2b/global_1776019456754.png,
updated,baafd60e-6125-4674-a02c-c787da18e9a8,Lesotho,,,cards/baafd60e-6125-4674-a02c-c787da18e9a8/global_1776019456754.png,https://aliolo.com/storage/v1/object/public/aliolo-media/cards/baafd60e-6125-4674-a02c-c787da18e9a8/global_1776019456754.png,
updated,da513af6-c0ea-401c-a3e4-1d4054829df4,Liberia,,,cards/da513af6-c0ea-401c-a3e4-1d4054829df4/global_1776019456754.png,https://aliolo.com/storage/v1/object/public/aliolo-media/cards/da513af6-c0ea-401c-a3e4-1d4054829df4/global_1776019456754.png,
updated,ba447bc8-97a7-49d2-983c-41b06e44ab88,Libya,,,cards/ba447bc8-97a7-49d2-983c-41b06e44ab88/global_1776019456754.png,https://aliolo.com/storage/v1/object/public/aliolo-media/cards/ba447bc8-97a7-49d2-983c-41b06e44ab88/global_1776019456754.png,
updated,bd575ebf-705e-4100-bcdc-cd7cf1609099,Liechtenstein,,,cards/bd575ebf-705e-4100-bcdc-cd7cf1609099/global_1776019456754.png,https://aliolo.com/storage/v1/object/public/aliolo-media/cards/bd575ebf-705e-4100-bcdc-cd7cf1609099/global_1776019456754.png,
updated,debb4b68-4893-4c26-a942-3179eee88e5d,Lithuania,,,cards/debb4b68-4893-4c26-a942-3179eee88e5d/global_1776019456754.png,https://aliolo.com/storage/v1/object/public/aliolo-media/cards/debb4b68-4893-4c26-a942-3179eee88e5d/global_1776019456754.png,
updated,93c96d0a-cb99-4134-b988-73e80ebb6ee2,Luxembourg,,,cards/93c96d0a-cb99-4134-b988-73e80ebb6ee2/global_1776019456754.png,https://aliolo.com/storage/v1/object/public/aliolo-media/cards/93c96d0a-cb99-4134-b988-73e80ebb6ee2/global_1776019456754.png,
updated,c8b32a72-0692-4b80-97e8-ce52a0bc3a65,Madagascar,,,cards/c8b32a72-0692-4b80-97e8-ce52a0bc3a65/global_1776019456754.png,https://aliolo.com/storage/v1/object/public/aliolo-media/cards/c8b32a72-0692-4b80-97e8-ce52a0bc3a65/global_1776019456754.png,
updated,d5004ff4-e078-4a78-a74d-69345067613a,Malawi,,,cards/d5004ff4-e078-4a78-a74d-69345067613a/global_1776019456754.png,https://aliolo.com/storage/v1/object/public/aliolo-media/cards/d5004ff4-e078-4a78-a74d-69345067613a/global_1776019456754.png,
updated,b26bcbf4-e356-4da1-92af-7a5a8f618a73,Malaysia,,,cards/b26bcbf4-e356-4da1-92af-7a5a8f618a73/global_1776019456754.png,https://aliolo.com/storage/v1/object/public/aliolo-media/cards/b26bcbf4-e356-4da1-92af-7a5a8f618a73/global_1776019456754.png,
updated,e994ebe7-f6d0-4c00-a50e-9c0b0915f081,Maldives,,,cards/e994ebe7-f6d0-4c00-a50e-9c0b0915f081/global_1776019456754.png,https://aliolo.com/storage/v1/object/public/aliolo-media/cards/e994ebe7-f6d0-4c00-a50e-9c0b0915f081/global_1776019456754.png,
updated,1ad1fc51-d2f0-4925-bdbf-f0d20c395cef,Mali,,,cards/1ad1fc51-d2f0-4925-bdbf-f0d20c395cef/global_1776019456754.png,https://aliolo.com/storage/v1/object/public/aliolo-media/cards/1ad1fc51-d2f0-4925-bdbf-f0d20c395cef/global_1776019456754.png,
updated,2d825227-d74b-4d71-bb90-9a4ef8f2396b,Malta,,,cards/2d825227-d74b-4d71-bb90-9a4ef8f2396b/global_1776019456754.png,https://aliolo.com/storage/v1/object/public/aliolo-media/cards/2d825227-d74b-4d71-bb90-9a4ef8f2396b/global_1776019456754.png,
updated,d1cc707d-f739-4ca6-ba7c-0e15befa755d,Marshall Islands,,,cards/d1cc707d-f739-4ca6-ba7c-0e15befa755d/global_1776019456754.png,https://aliolo.com/storage/v1/object/public/aliolo-media/cards/d1cc707d-f739-4ca6-ba7c-0e15befa755d/global_1776019456754.png,
updated,4466c909-692a-413c-a8f2-60bdabaec4fa,Mauritania,,,cards/4466c909-692a-413c-a8f2-60bdabaec4fa/global_1776019456754.png,https://aliolo.com/storage/v1/object/public/aliolo-media/cards/4466c909-692a-413c-a8f2-60bdabaec4fa/global_1776019456754.png,
updated,1e1f2afc-c920-4f20-b046-5bbb4a8cf753,Mauritius,,,cards/1e1f2afc-c920-4f20-b046-5bbb4a8cf753/global_1776019456754.png,https://aliolo.com/storage/v1/object/public/aliolo-media/cards/1e1f2afc-c920-4f20-b046-5bbb4a8cf753/global_1776019456754.png,
updated,2d9ea7f6-410c-4366-92bf-79fe88f3041a,Mexico,,,cards/2d9ea7f6-410c-4366-92bf-79fe88f3041a/global_1776019456754.png,https://aliolo.com/storage/v1/object/public/aliolo-media/cards/2d9ea7f6-410c-4366-92bf-79fe88f3041a/global_1776019456754.png,
updated,c1a2005e-e9f0-4cb6-ad3f-13d2817f9215,Micronesia,,,cards/c1a2005e-e9f0-4cb6-ad3f-13d2817f9215/global_1776019456754.png,https://aliolo.com/storage/v1/object/public/aliolo-media/cards/c1a2005e-e9f0-4cb6-ad3f-13d2817f9215/global_1776019456754.png,
updated,a31ba971-a22b-46ef-af2d-ddd7e7264e1c,Moldova,,,cards/a31ba971-a22b-46ef-af2d-ddd7e7264e1c/global_1776019456754.png,https://aliolo.com/storage/v1/object/public/aliolo-media/cards/a31ba971-a22b-46ef-af2d-ddd7e7264e1c/global_1776019456754.png,
updated,3a69a01b-c237-4a1e-a0ed-4c98b70e3b06,Monaco,,,cards/3a69a01b-c237-4a1e-a0ed-4c98b70e3b06/global_1776019456754.png,https://aliolo.com/storage/v1/object/public/aliolo-media/cards/3a69a01b-c237-4a1e-a0ed-4c98b70e3b06/global_1776019456754.png,
updated,2eeacb7e-ce7b-4875-8d1e-2419d7dcbfef,Mongolia,,,cards/2eeacb7e-ce7b-4875-8d1e-2419d7dcbfef/global_1776019456754.png,https://aliolo.com/storage/v1/object/public/aliolo-media/cards/2eeacb7e-ce7b-4875-8d1e-2419d7dcbfef/global_1776019456754.png,
updated,82405e0a-9acd-43c7-af3d-d1eeb5e13ab2,Montenegro,,,cards/82405e0a-9acd-43c7-af3d-d1eeb5e13ab2/global_1776019456754.png,https://aliolo.com/storage/v1/object/public/aliolo-media/cards/82405e0a-9acd-43c7-af3d-d1eeb5e13ab2/global_1776019456754.png,
updated,5796f134-f0a6-4eb9-adfd-c41e932fba5d,Morocco,,,cards/5796f134-f0a6-4eb9-adfd-c41e932fba5d/global_1776019456754.png,https://aliolo.com/storage/v1/object/public/aliolo-media/cards/5796f134-f0a6-4eb9-adfd-c41e932fba5d/global_1776019456754.png,
updated,9d50348a-3426-485c-9078-9cc70f919253,Mozambique,,,cards/9d50348a-3426-485c-9078-9cc70f919253/global_1776019456754.png,https://aliolo.com/storage/v1/object/public/aliolo-media/cards/9d50348a-3426-485c-9078-9cc70f919253/global_1776019456754.png,
updated,f927931f-37c8-4626-8884-9c66b2ce4f9c,Myanmar,,,cards/f927931f-37c8-4626-8884-9c66b2ce4f9c/global_1776019456754.png,https://aliolo.com/storage/v1/object/public/aliolo-media/cards/f927931f-37c8-4626-8884-9c66b2ce4f9c/global_1776019456754.png,
updated,437f6d4e-a11e-48c0-912f-8a8e668b892d,Namibia,,,cards/437f6d4e-a11e-48c0-912f-8a8e668b892d/global_1776019456754.png,https://aliolo.com/storage/v1/object/public/aliolo-media/cards/437f6d4e-a11e-48c0-912f-8a8e668b892d/global_1776019456754.png,
updated,89f38a58-6831-4474-9bca-4c027355c2bb,Nauru,,,cards/89f38a58-6831-4474-9bca-4c027355c2bb/global_1776019456754.png,https://aliolo.com/storage/v1/object/public/aliolo-media/cards/89f38a58-6831-4474-9bca-4c027355c2bb/global_1776019456754.png,
updated,42315fec-2be5-4368-acc1-23af27a9f6b8,Nepal,,,cards/42315fec-2be5-4368-acc1-23af27a9f6b8/global_1776019456754.png,https://aliolo.com/storage/v1/object/public/aliolo-media/cards/42315fec-2be5-4368-acc1-23af27a9f6b8/global_1776019456754.png,
updated,657d168d-5139-4705-89c2-1f29c863e6ac,Netherlands,,,cards/657d168d-5139-4705-89c2-1f29c863e6ac/global_1776019456754.png,https://aliolo.com/storage/v1/object/public/aliolo-media/cards/657d168d-5139-4705-89c2-1f29c863e6ac/global_1776019456754.png,
updated,7fe27208-e279-4a02-a731-1381528bd630,New Zealand,,,cards/7fe27208-e279-4a02-a731-1381528bd630/global_1776019456754.png,https://aliolo.com/storage/v1/object/public/aliolo-media/cards/7fe27208-e279-4a02-a731-1381528bd630/global_1776019456754.png,
updated,8360ccdb-fe81-4541-8871-4450b1c8d845,Nicaragua,,,cards/8360ccdb-fe81-4541-8871-4450b1c8d845/global_1776019456754.png,https://aliolo.com/storage/v1/object/public/aliolo-media/cards/8360ccdb-fe81-4541-8871-4450b1c8d845/global_1776019456754.png,
updated,92cf81fc-ad78-4563-b4c5-9ad6e7d2172c,Niger,,,cards/92cf81fc-ad78-4563-b4c5-9ad6e7d2172c/global_1776019456754.png,https://aliolo.com/storage/v1/object/public/aliolo-media/cards/92cf81fc-ad78-4563-b4c5-9ad6e7d2172c/global_1776019456754.png,
updated,8e38e4ae-4201-4239-9bc7-059c5797a7a5,Nigeria,,,cards/8e38e4ae-4201-4239-9bc7-059c5797a7a5/global_1776019456754.png,https://aliolo.com/storage/v1/object/public/aliolo-media/cards/8e38e4ae-4201-4239-9bc7-059c5797a7a5/global_1776019456754.png,
updated,fb6ac050-19cc-46b9-9cad-5a3de9e3b215,North Korea,,,cards/fb6ac050-19cc-46b9-9cad-5a3de9e3b215/global_1776019456754.png,https://aliolo.com/storage/v1/object/public/aliolo-media/cards/fb6ac050-19cc-46b9-9cad-5a3de9e3b215/global_1776019456754.png,
updated,fdc82895-ab80-464e-a917-81c1715b8034,North Macedonia,,,cards/fdc82895-ab80-464e-a917-81c1715b8034/global_1776019456754.png,https://aliolo.com/storage/v1/object/public/aliolo-media/cards/fdc82895-ab80-464e-a917-81c1715b8034/global_1776019456754.png,
updated,f085efef-01ce-4bd3-bea3-ebc206bcc0e1,Norway,,,cards/f085efef-01ce-4bd3-bea3-ebc206bcc0e1/global_1776019456754.png,https://aliolo.com/storage/v1/object/public/aliolo-media/cards/f085efef-01ce-4bd3-bea3-ebc206bcc0e1/global_1776019456754.png,
updated,9f056834-c0f6-4c64-b6c5-067286145b67,Oman,,,cards/9f056834-c0f6-4c64-b6c5-067286145b67/global_1776019456754.png,https://aliolo.com/storage/v1/object/public/aliolo-media/cards/9f056834-c0f6-4c64-b6c5-067286145b67/global_1776019456754.png,
updated,4a331eb2-050c-4ec9-be58-b03a57771e56,Pakistan,,,cards/4a331eb2-050c-4ec9-be58-b03a57771e56/global_1776019456754.png,https://aliolo.com/storage/v1/object/public/aliolo-media/cards/4a331eb2-050c-4ec9-be58-b03a57771e56/global_1776019456754.png,
updated,7ffa7fb2-91fb-46cd-9c94-aba21aea2092,Palau,,,cards/7ffa7fb2-91fb-46cd-9c94-aba21aea2092/global_1776019456754.png,https://aliolo.com/storage/v1/object/public/aliolo-media/cards/7ffa7fb2-91fb-46cd-9c94-aba21aea2092/global_1776019456754.png,
updated,6b65b5b7-536e-4871-b5da-66e099bc0195,Palestine,,,cards/6b65b5b7-536e-4871-b5da-66e099bc0195/global_1776019456754.png,https://aliolo.com/storage/v1/object/public/aliolo-media/cards/6b65b5b7-536e-4871-b5da-66e099bc0195/global_1776019456754.png,
updated,66554b8b-f4ee-4416-8ff9-d55eddcea649,Panama,,,cards/66554b8b-f4ee-4416-8ff9-d55eddcea649/global_1776019456754.png,https://aliolo.com/storage/v1/object/public/aliolo-media/cards/66554b8b-f4ee-4416-8ff9-d55eddcea649/global_1776019456754.png,
updated,55c4adfa-23ea-477c-a1bd-d44d817e7256,Papua New Guinea,,,cards/55c4adfa-23ea-477c-a1bd-d44d817e7256/global_1776019456754.png,https://aliolo.com/storage/v1/object/public/aliolo-media/cards/55c4adfa-23ea-477c-a1bd-d44d817e7256/global_1776019456754.png,
updated,1b7393d2-156b-41da-974d-3024b62a3535,Paraguay,,,cards/1b7393d2-156b-41da-974d-3024b62a3535/global_1776019456754.png,https://aliolo.com/storage/v1/object/public/aliolo-media/cards/1b7393d2-156b-41da-974d-3024b62a3535/global_1776019456754.png,
updated,bd2ae635-e21a-4ed5-99e7-2d71b8898e53,Peru,,,cards/bd2ae635-e21a-4ed5-99e7-2d71b8898e53/global_1776019456754.png,https://aliolo.com/storage/v1/object/public/aliolo-media/cards/bd2ae635-e21a-4ed5-99e7-2d71b8898e53/global_1776019456754.png,
updated,f42f6b76-563e-42ed-9ab5-6d7e857b5a5c,Philippines,,,cards/f42f6b76-563e-42ed-9ab5-6d7e857b5a5c/global_1776019456754.png,https://aliolo.com/storage/v1/object/public/aliolo-media/cards/f42f6b76-563e-42ed-9ab5-6d7e857b5a5c/global_1776019456754.png,
updated,aa502a96-774c-456a-9783-f1f34d7490b9,Poland,,,cards/aa502a96-774c-456a-9783-f1f34d7490b9/global_1776019456754.png,https://aliolo.com/storage/v1/object/public/aliolo-media/cards/aa502a96-774c-456a-9783-f1f34d7490b9/global_1776019456754.png,
updated,406d0a03-7797-42e0-818a-d851cb0b9595,Portugal,,,cards/406d0a03-7797-42e0-818a-d851cb0b9595/global_1776019456754.png,https://aliolo.com/storage/v1/object/public/aliolo-media/cards/406d0a03-7797-42e0-818a-d851cb0b9595/global_1776019456754.png,
updated,9aa54f56-8b40-4949-a991-dadcc92dea1a,Qatar,,,cards/9aa54f56-8b40-4949-a991-dadcc92dea1a/global_1776019456754.png,https://aliolo.com/storage/v1/object/public/aliolo-media/cards/9aa54f56-8b40-4949-a991-dadcc92dea1a/global_1776019456754.png,
updated,afd06c18-c3d1-48f2-ae80-f3301fa4c728,Republic of the Congo,,,cards/afd06c18-c3d1-48f2-ae80-f3301fa4c728/global_1776019456754.png,https://aliolo.com/storage/v1/object/public/aliolo-media/cards/afd06c18-c3d1-48f2-ae80-f3301fa4c728/global_1776019456754.png,
updated,f6c5f04c-856e-467a-b7d6-4b5e8b9d05fc,Romania,,,cards/f6c5f04c-856e-467a-b7d6-4b5e8b9d05fc/global_1776019456754.png,https://aliolo.com/storage/v1/object/public/aliolo-media/cards/f6c5f04c-856e-467a-b7d6-4b5e8b9d05fc/global_1776019456754.png,
updated,a387557c-ef23-4b79-b0cb-0af68e20b9f5,Russia,,,cards/a387557c-ef23-4b79-b0cb-0af68e20b9f5/global_1776019456754.png,https://aliolo.com/storage/v1/object/public/aliolo-media/cards/a387557c-ef23-4b79-b0cb-0af68e20b9f5/global_1776019456754.png,
updated,f9cf4d0d-ef01-4590-a359-a555fbd002b7,Rwanda,,,cards/f9cf4d0d-ef01-4590-a359-a555fbd002b7/global_1776019456754.png,https://aliolo.com/storage/v1/object/public/aliolo-media/cards/f9cf4d0d-ef01-4590-a359-a555fbd002b7/global_1776019456754.png,
updated,0fee3768-6e12-4f7b-ab50-9e0ba89982b9,Saint Kitts and Nevis,,,cards/0fee3768-6e12-4f7b-ab50-9e0ba89982b9/global_1776019456754.png,https://aliolo.com/storage/v1/object/public/aliolo-media/cards/0fee3768-6e12-4f7b-ab50-9e0ba89982b9/global_1776019456754.png,
updated,f905e72b-91d8-4543-b654-f6ee4a014ec5,Saint Lucia,,,cards/f905e72b-91d8-4543-b654-f6ee4a014ec5/global_1776019456754.png,https://aliolo.com/storage/v1/object/public/aliolo-media/cards/f905e72b-91d8-4543-b654-f6ee4a014ec5/global_1776019456754.png,
updated,d1d310f6-15ee-4955-a119-7b89f4895382,Saint Vincent and the Grenadines,,,cards/d1d310f6-15ee-4955-a119-7b89f4895382/global_1776019456754.png,https://aliolo.com/storage/v1/object/public/aliolo-media/cards/d1d310f6-15ee-4955-a119-7b89f4895382/global_1776019456754.png,
updated,f543c423-7807-4e36-95ec-b3f13db524d8,Samoa,,,cards/f543c423-7807-4e36-95ec-b3f13db524d8/global_1776019456754.png,https://aliolo.com/storage/v1/object/public/aliolo-media/cards/f543c423-7807-4e36-95ec-b3f13db524d8/global_1776019456754.png,
updated,26dbcb86-084e-4d88-b66c-65bb7ccc3a6b,San Marino,,,cards/26dbcb86-084e-4d88-b66c-65bb7ccc3a6b/global_1776019456754.png,https://aliolo.com/storage/v1/object/public/aliolo-media/cards/26dbcb86-084e-4d88-b66c-65bb7ccc3a6b/global_1776019456754.png,
updated,4673067d-491f-4557-af54-09af15cfa59b,Saudi Arabia,,,cards/4673067d-491f-4557-af54-09af15cfa59b/global_1776019456754.png,https://aliolo.com/storage/v1/object/public/aliolo-media/cards/4673067d-491f-4557-af54-09af15cfa59b/global_1776019456754.png,
updated,140c3c14-0b7c-4681-bbb7-7b8288d74619,Senegal,,,cards/140c3c14-0b7c-4681-bbb7-7b8288d74619/global_1776019456754.png,https://aliolo.com/storage/v1/object/public/aliolo-media/cards/140c3c14-0b7c-4681-bbb7-7b8288d74619/global_1776019456754.png,
updated,07263ee9-8aad-44c8-93c6-a71a4afa3bdb,Serbia,,,cards/07263ee9-8aad-44c8-93c6-a71a4afa3bdb/global_1776019456754.png,https://aliolo.com/storage/v1/object/public/aliolo-media/cards/07263ee9-8aad-44c8-93c6-a71a4afa3bdb/global_1776019456754.png,
updated,fdf9860d-cf34-48c0-a3ed-8d016465594e,Seychelles,,,cards/fdf9860d-cf34-48c0-a3ed-8d016465594e/global_1776019456754.png,https://aliolo.com/storage/v1/object/public/aliolo-media/cards/fdf9860d-cf34-48c0-a3ed-8d016465594e/global_1776019456754.png,
updated,6d26f0e0-eda6-4547-b638-f9c560d73c52,Sierra Leone,,,cards/6d26f0e0-eda6-4547-b638-f9c560d73c52/global_1776019456754.png,https://aliolo.com/storage/v1/object/public/aliolo-media/cards/6d26f0e0-eda6-4547-b638-f9c560d73c52/global_1776019456754.png,
updated,2c35500a-5f77-4db3-b818-9322dcfaa703,Singapore,,,cards/2c35500a-5f77-4db3-b818-9322dcfaa703/global_1776019456754.png,https://aliolo.com/storage/v1/object/public/aliolo-media/cards/2c35500a-5f77-4db3-b818-9322dcfaa703/global_1776019456754.png,
updated,ead2873d-e325-43b3-96fa-65d0f0e94dab,Slovakia,,,cards/ead2873d-e325-43b3-96fa-65d0f0e94dab/global_1776019456754.png,https://aliolo.com/storage/v1/object/public/aliolo-media/cards/ead2873d-e325-43b3-96fa-65d0f0e94dab/global_1776019456754.png,
updated,eb2b7854-cc8e-4d7e-867c-b3a27a2be480,Slovenia,,,cards/eb2b7854-cc8e-4d7e-867c-b3a27a2be480/global_1776019456754.png,https://aliolo.com/storage/v1/object/public/aliolo-media/cards/eb2b7854-cc8e-4d7e-867c-b3a27a2be480/global_1776019456754.png,
updated,dfb55b52-118c-45a2-b40c-1f90ba73f72f,Solomon Islands,,,cards/dfb55b52-118c-45a2-b40c-1f90ba73f72f/global_1776019456754.png,https://aliolo.com/storage/v1/object/public/aliolo-media/cards/dfb55b52-118c-45a2-b40c-1f90ba73f72f/global_1776019456754.png,
updated,e1932b9a-bb44-4067-8cca-b30645a05501,Somalia,,,cards/e1932b9a-bb44-4067-8cca-b30645a05501/global_1776019456754.png,https://aliolo.com/storage/v1/object/public/aliolo-media/cards/e1932b9a-bb44-4067-8cca-b30645a05501/global_1776019456754.png,
updated,844370ef-d818-4a34-89fa-814f3ced3aa3,South Africa,,,cards/844370ef-d818-4a34-89fa-814f3ced3aa3/global_1776019456754.png,https://aliolo.com/storage/v1/object/public/aliolo-media/cards/844370ef-d818-4a34-89fa-814f3ced3aa3/global_1776019456754.png,
updated,6fec1e8c-8e55-4c09-abcd-eb14564ac8e0,South Korea,,,cards/6fec1e8c-8e55-4c09-abcd-eb14564ac8e0/global_1776019456754.png,https://aliolo.com/storage/v1/object/public/aliolo-media/cards/6fec1e8c-8e55-4c09-abcd-eb14564ac8e0/global_1776019456754.png,
updated,08bca25a-afb8-4ada-ad57-28c42a1e6a5f,South Sudan,,,cards/08bca25a-afb8-4ada-ad57-28c42a1e6a5f/global_1776019456754.png,https://aliolo.com/storage/v1/object/public/aliolo-media/cards/08bca25a-afb8-4ada-ad57-28c42a1e6a5f/global_1776019456754.png,
updated,64ba790a-8318-4179-9e4c-59d5996652ab,Spain,,,cards/64ba790a-8318-4179-9e4c-59d5996652ab/global_1776019456754.png,https://aliolo.com/storage/v1/object/public/aliolo-media/cards/64ba790a-8318-4179-9e4c-59d5996652ab/global_1776019456754.png,
updated,22d39e8e-e751-4d91-b84e-93a3b13e7d18,Sri Lanka,,,cards/22d39e8e-e751-4d91-b84e-93a3b13e7d18/global_1776019456754.png,https://aliolo.com/storage/v1/object/public/aliolo-media/cards/22d39e8e-e751-4d91-b84e-93a3b13e7d18/global_1776019456754.png,
updated,1dd5311f-cd71-4ae9-bc4a-908efde78487,Sudan,,,cards/1dd5311f-cd71-4ae9-bc4a-908efde78487/global_1776019456754.png,https://aliolo.com/storage/v1/object/public/aliolo-media/cards/1dd5311f-cd71-4ae9-bc4a-908efde78487/global_1776019456754.png,
updated,9ca73dd1-dfc3-435c-b9db-b551b5d4749f,Suriname,,,cards/9ca73dd1-dfc3-435c-b9db-b551b5d4749f/global_1776019456754.png,https://aliolo.com/storage/v1/object/public/aliolo-media/cards/9ca73dd1-dfc3-435c-b9db-b551b5d4749f/global_1776019456754.png,
updated,4f492ce0-fcfe-4164-aef2-a827d567256c,Sweden,,,cards/4f492ce0-fcfe-4164-aef2-a827d567256c/global_1776019456754.png,https://aliolo.com/storage/v1/object/public/aliolo-media/cards/4f492ce0-fcfe-4164-aef2-a827d567256c/global_1776019456754.png,
updated,83974422-c7e5-42af-8fbe-41d75afedce8,Switzerland,,,cards/83974422-c7e5-42af-8fbe-41d75afedce8/global_1776019456754.png,https://aliolo.com/storage/v1/object/public/aliolo-media/cards/83974422-c7e5-42af-8fbe-41d75afedce8/global_1776019456754.png,
updated,41313a79-48ae-4b89-aaca-464dd714f10d,Syria,,,cards/41313a79-48ae-4b89-aaca-464dd714f10d/global_1776019456754.png,https://aliolo.com/storage/v1/object/public/aliolo-media/cards/41313a79-48ae-4b89-aaca-464dd714f10d/global_1776019456754.png,
updated,f5845c21-68b5-4677-b668-8e4763a163aa,São Tomé and Príncipe,,,cards/f5845c21-68b5-4677-b668-8e4763a163aa/global_1776244943896.png,https://aliolo.com/storage/v1/object/public/aliolo-media/cards/f5845c21-68b5-4677-b668-8e4763a163aa/global_1776244943896.png,
updated,e6c29d8b-853e-4507-9eb2-d98f67da0db9,Tajikistan,,,cards/e6c29d8b-853e-4507-9eb2-d98f67da0db9/global_1776019456754.png,https://aliolo.com/storage/v1/object/public/aliolo-media/cards/e6c29d8b-853e-4507-9eb2-d98f67da0db9/global_1776019456754.png,
updated,9d56d8fa-46a6-4c4b-a853-df1245a02adc,Tanzania,,,cards/9d56d8fa-46a6-4c4b-a853-df1245a02adc/global_1776019456754.png,https://aliolo.com/storage/v1/object/public/aliolo-media/cards/9d56d8fa-46a6-4c4b-a853-df1245a02adc/global_1776019456754.png,
updated,9a555ff4-f954-4194-9fc1-06a6adb1ed56,Thailand,,,cards/9a555ff4-f954-4194-9fc1-06a6adb1ed56/global_1776019456754.png,https://aliolo.com/storage/v1/object/public/aliolo-media/cards/9a555ff4-f954-4194-9fc1-06a6adb1ed56/global_1776019456754.png,
updated,57a0ffed-c747-4d6d-a02d-33460ff04d54,The Bahamas,,,cards/57a0ffed-c747-4d6d-a02d-33460ff04d54/global_1776019456754.png,https://aliolo.com/storage/v1/object/public/aliolo-media/cards/57a0ffed-c747-4d6d-a02d-33460ff04d54/global_1776019456754.png,
updated,89f324c5-e630-42d5-bf28-0b37cdaf0055,The Gambia,,,cards/89f324c5-e630-42d5-bf28-0b37cdaf0055/global_1776019456754.png,https://aliolo.com/storage/v1/object/public/aliolo-media/cards/89f324c5-e630-42d5-bf28-0b37cdaf0055/global_1776019456754.png,
updated,86c5297f-00c1-4bf0-98bb-f66f69a0dfeb,Timor-Leste,,,cards/86c5297f-00c1-4bf0-98bb-f66f69a0dfeb/global_1776019456754.png,https://aliolo.com/storage/v1/object/public/aliolo-media/cards/86c5297f-00c1-4bf0-98bb-f66f69a0dfeb/global_1776019456754.png,
updated,c0170c97-0874-4d8f-8ea2-765554af3024,Togo,,,cards/c0170c97-0874-4d8f-8ea2-765554af3024/global_1776019456754.png,https://aliolo.com/storage/v1/object/public/aliolo-media/cards/c0170c97-0874-4d8f-8ea2-765554af3024/global_1776019456754.png,
updated,a601d3b9-7687-4554-8db9-92f4a16f57bc,Tonga,,,cards/a601d3b9-7687-4554-8db9-92f4a16f57bc/global_1776019456754.png,https://aliolo.com/storage/v1/object/public/aliolo-media/cards/a601d3b9-7687-4554-8db9-92f4a16f57bc/global_1776019456754.png,
updated,0b5873ac-f8b3-4d0a-a3fe-de08483a6294,Trinidad and Tobago,,,cards/0b5873ac-f8b3-4d0a-a3fe-de08483a6294/global_1776019456754.png,https://aliolo.com/storage/v1/object/public/aliolo-media/cards/0b5873ac-f8b3-4d0a-a3fe-de08483a6294/global_1776019456754.png,
updated,36ef761c-bb53-4c76-955d-268dad4f1cfa,Tunisia,,,cards/36ef761c-bb53-4c76-955d-268dad4f1cfa/global_1776019456754.png,https://aliolo.com/storage/v1/object/public/aliolo-media/cards/36ef761c-bb53-4c76-955d-268dad4f1cfa/global_1776019456754.png,
updated,bf1a7fe0-6d75-4057-9275-97934c577342,Turkey,,,cards/bf1a7fe0-6d75-4057-9275-97934c577342/global_1776019456754.png,https://aliolo.com/storage/v1/object/public/aliolo-media/cards/bf1a7fe0-6d75-4057-9275-97934c577342/global_1776019456754.png,
updated,db4da6dc-5674-4efd-90e1-0c0a6f824975,Turkmenistan,,,cards/db4da6dc-5674-4efd-90e1-0c0a6f824975/global_1776019456754.png,https://aliolo.com/storage/v1/object/public/aliolo-media/cards/db4da6dc-5674-4efd-90e1-0c0a6f824975/global_1776019456754.png,
updated,940ab6c5-704f-4f79-b705-0ade582045f3,Tuvalu,,,cards/940ab6c5-704f-4f79-b705-0ade582045f3/global_1776019456754.png,https://aliolo.com/storage/v1/object/public/aliolo-media/cards/940ab6c5-704f-4f79-b705-0ade582045f3/global_1776019456754.png,
updated,120a4830-53d9-415b-9c49-fb656539295d,Uganda,,,cards/120a4830-53d9-415b-9c49-fb656539295d/global_1776019456754.png,https://aliolo.com/storage/v1/object/public/aliolo-media/cards/120a4830-53d9-415b-9c49-fb656539295d/global_1776019456754.png,
updated,170e9933-e930-466d-b0c1-29b088806225,Ukraine,,,cards/170e9933-e930-466d-b0c1-29b088806225/global_1776019456754.png,https://aliolo.com/storage/v1/object/public/aliolo-media/cards/170e9933-e930-466d-b0c1-29b088806225/global_1776019456754.png,
updated,788cb4c0-e554-4dd0-91d8-4b7afdc85558,United Arab Emirates,,,cards/788cb4c0-e554-4dd0-91d8-4b7afdc85558/global_1776019456754.png,https://aliolo.com/storage/v1/object/public/aliolo-media/cards/788cb4c0-e554-4dd0-91d8-4b7afdc85558/global_1776019456754.png,
updated,37c82780-df2f-4f65-b1c9-85560dcf1f14,United Kingdom,,,cards/37c82780-df2f-4f65-b1c9-85560dcf1f14/global_1776019456754.png,https://aliolo.com/storage/v1/object/public/aliolo-media/cards/37c82780-df2f-4f65-b1c9-85560dcf1f14/global_1776019456754.png,
updated,53defcb9-ff49-4dce-a6c9-491a9fa3c1c5,United States,,,cards/53defcb9-ff49-4dce-a6c9-491a9fa3c1c5/global_1776019456754.png,https://aliolo.com/storage/v1/object/public/aliolo-media/cards/53defcb9-ff49-4dce-a6c9-491a9fa3c1c5/global_1776019456754.png,
updated,55ab2e2c-91b3-4b43-a6f3-3ad43ddd4b42,Uruguay,,,cards/55ab2e2c-91b3-4b43-a6f3-3ad43ddd4b42/global_1776019456754.png,https://aliolo.com/storage/v1/object/public/aliolo-media/cards/55ab2e2c-91b3-4b43-a6f3-3ad43ddd4b42/global_1776019456754.png,
updated,4226c8a7-80dc-4dc0-982e-4d32f86e234c,Uzbekistan,,,cards/4226c8a7-80dc-4dc0-982e-4d32f86e234c/global_1776019456754.png,https://aliolo.com/storage/v1/object/public/aliolo-media/cards/4226c8a7-80dc-4dc0-982e-4d32f86e234c/global_1776019456754.png,
updated,e04921f5-dcb2-4106-8b9b-7063be023246,Vanuatu,,,cards/e04921f5-dcb2-4106-8b9b-7063be023246/global_1776019456754.png,https://aliolo.com/storage/v1/object/public/aliolo-media/cards/e04921f5-dcb2-4106-8b9b-7063be023246/global_1776019456754.png,
updated,c59a2e04-f437-4a17-8082-f7d2c0de453b,Vatican City,,,cards/c59a2e04-f437-4a17-8082-f7d2c0de453b/global_1776019456754.png,https://aliolo.com/storage/v1/object/public/aliolo-media/cards/c59a2e04-f437-4a17-8082-f7d2c0de453b/global_1776019456754.png,
updated,508d26d5-4d3d-4e9a-aebb-23f47f0b5a0e,Venezuela,,,cards/508d26d5-4d3d-4e9a-aebb-23f47f0b5a0e/global_1776019456754.png,https://aliolo.com/storage/v1/object/public/aliolo-media/cards/508d26d5-4d3d-4e9a-aebb-23f47f0b5a0e/global_1776019456754.png,
updated,58a26a1b-11d1-482f-89f9-f41fe77054c8,Vietnam,,,cards/58a26a1b-11d1-482f-89f9-f41fe77054c8/global_1776019456754.png,https://aliolo.com/storage/v1/object/public/aliolo-media/cards/58a26a1b-11d1-482f-89f9-f41fe77054c8/global_1776019456754.png,
updated,520a72ff-adeb-4e06-a35b-fc8506c76a79,Yemen,,,cards/520a72ff-adeb-4e06-a35b-fc8506c76a79/global_1776019456754.png,https://aliolo.com/storage/v1/object/public/aliolo-media/cards/520a72ff-adeb-4e06-a35b-fc8506c76a79/global_1776019456754.png,
updated,2d3759c2-252d-4321-89f9-cecc536ee363,Zambia,,,cards/2d3759c2-252d-4321-89f9-cecc536ee363/global_1776019456754.png,https://aliolo.com/storage/v1/object/public/aliolo-media/cards/2d3759c2-252d-4321-89f9-cecc536ee363/global_1776019456754.png,
updated,e9432f0f-ca8b-4fdc-94d4-81ca375bc9f7,Zimbabwe,,,cards/e9432f0f-ca8b-4fdc-94d4-81ca375bc9f7/global_1776019456754.png,https://aliolo.com/storage/v1/object/public/aliolo-media/cards/e9432f0f-ca8b-4fdc-94d4-81ca375bc9f7/global_1776019456754.png,
updated,8409610c-87d9-4bf9-8c55-41e2736e52de,coat of arms of Guatemala,,,cards/8409610c-87d9-4bf9-8c55-41e2736e52de/global_1776019456754.png,https://aliolo.com/storage/v1/object/public/aliolo-media/cards/8409610c-87d9-4bf9-8c55-41e2736e52de/global_1776019456754.png,
updated,d16ea8ea-0b55-4d54-977e-37bde7a2fa00,coat of arms of Peru,,,cards/d16ea8ea-0b55-4d54-977e-37bde7a2fa00/global_1776019456754.png,https://aliolo.com/storage/v1/object/public/aliolo-media/cards/d16ea8ea-0b55-4d54-977e-37bde7a2fa00/global_1776019456754.png,
updated,494a2299-743d-4e2e-876a-dcc4d7416f17,coat of arms of the Dominican Republic,,,cards/494a2299-743d-4e2e-876a-dcc4d7416f17/global_1776019456754.png,https://aliolo.com/storage/v1/object/public/aliolo-media/cards/494a2299-743d-4e2e-876a-dcc4d7416f17/global_1776019456754.png,
