card_id,owner_id,level,test_mode,is_public,answer,public_url
55c2720a-b131-4e64-95ab-bb47635a24fc,usyeo7d2yzf2773,1,image_to_text,1,The Eiffel Tower,https://aliolo.com/storage/v1/object/public/aliolo-media/cards/55c2720a-b131-4e64-95ab-bb47635a24fc/global_1776346555813.jpg
8132de06-6ee8-479e-8f28-03d7b610d68f,usyeo7d2yzf2773,2,image_to_text,1,Notre-Dame de Paris,https://aliolo.com/storage/v1/object/public/aliolo-media/cards/8132de06-6ee8-479e-8f28-03d7b610d68f/global_1776346555813.jpg
3db20723-17bb-4a5d-b271-61aa75642068,usyeo7d2yzf2773,3,image_to_text,1,Palace of Versailles,https://aliolo.com/storage/v1/object/public/aliolo-media/cards/3db20723-17bb-4a5d-b271-61aa75642068/global_1776346555813.jpg
62c29eb2-c55d-4d77-ac50-f0bece551d76,usyeo7d2yzf2773,4,image_to_text,1,Louvre Museum,https://aliolo.com/storage/v1/object/public/aliolo-media/cards/62c29eb2-c55d-4d77-ac50-f0bece551d76/global_1776346555813.jpg
636874f2-b108-48d7-8a3e-f8e3b7ea71a2,usyeo7d2yzf2773,5,image_to_text,1,The Basilica of the Sacred Heart of Paris,https://aliolo.com/storage/v1/object/public/aliolo-media/cards/636874f2-b108-48d7-8a3e-f8e3b7ea71a2/global_1776346555813.jpg
1477a01c-5a1a-4c02-81a0-d13e862a918d,usyeo7d2yzf2773,6,image_to_text,1,Disneyland Paris,https://aliolo.com/storage/v1/object/public/aliolo-media/cards/1477a01c-5a1a-4c02-81a0-d13e862a918d/global_1776346555813.jpg
4a227068-5b04-4858-aa8d-914bdac61584,usyeo7d2yzf2773,7,image_to_text,1,Arc de Triomphe,https://aliolo.com/storage/v1/object/public/aliolo-media/cards/4a227068-5b04-4858-aa8d-914bdac61584/global_1776346555813.jpg
9703fba2-71c1-4070-92c8-9cb69ad8ba2c,usyeo7d2yzf2773,8,image_to_text,1,Musée d’Orsay,https://aliolo.com/storage/v1/object/public/aliolo-media/cards/9703fba2-71c1-4070-92c8-9cb69ad8ba2c/global_1776346555813.jpg
78628314-31a1-493c-8f96-8640da454093,usyeo7d2yzf2773,9,image_to_text,1,Sainte-Chapelle,https://aliolo.com/storage/v1/object/public/aliolo-media/cards/78628314-31a1-493c-8f96-8640da454093/global_1776346555813.jpg
f8c1cc68-07a7-4af3-8828-99500fab8761,usyeo7d2yzf2773,10,image_to_text,1,Palais Garnier,https://aliolo.com/storage/v1/object/public/aliolo-media/cards/f8c1cc68-07a7-4af3-8828-99500fab8761/global_1776346555813.jpg
1e96eff8-0fa5-4473-9e9f-9e65d714df36,usyeo7d2yzf2773,11,image_to_text,1,Verdon Gorge,https://aliolo.com/storage/v1/object/public/aliolo-media/cards/1e96eff8-0fa5-4473-9e9f-9e65d714df36/global_1776346555813.jpg
12eca909-43cb-4a81-9292-19e078beea32,usyeo7d2yzf2773,12,image_to_text,1,Alcatraz Island,https://aliolo.com/storage/v1/object/public/aliolo-media/cards/12eca909-43cb-4a81-9292-19e078beea32/global_1776346555813.jpg
efcba9e4-2be4-469b-acb8-ef3f58e4df39,usyeo7d2yzf2773,13,image_to_text,1,Statue of Liberty,https://aliolo.com/storage/v1/object/public/aliolo-media/cards/efcba9e4-2be4-469b-acb8-ef3f58e4df39/global_1776346555813.jpg
30769c68-a87c-4123-a94f-8061422fc981,usyeo7d2yzf2773,14,image_to_text,1,The Alamo,https://aliolo.com/storage/v1/object/public/aliolo-media/cards/30769c68-a87c-4123-a94f-8061422fc981/global_1776346555813.jpg
041b5c80-86ff-4b38-9f66-5ee671cc34d5,usyeo7d2yzf2773,15,image_to_text,1,Biltmore,https://aliolo.com/storage/v1/object/public/aliolo-media/cards/041b5c80-86ff-4b38-9f66-5ee671cc34d5/global_1776346555813.jpg
694d5e79-2cf5-4587-ae33-d6908dbde41d,usyeo7d2yzf2773,16,image_to_text,1,Castillo de San Marcos National Monument,https://aliolo.com/storage/v1/object/public/aliolo-media/cards/694d5e79-2cf5-4587-ae33-d6908dbde41d/global_1776346555813.jpg
61f80aaa-8495-45ac-b252-0477483a6adb,usyeo7d2yzf2773,17,image_to_text,1,Liberty Bell,https://aliolo.com/storage/v1/object/public/aliolo-media/cards/61f80aaa-8495-45ac-b252-0477483a6adb/global_1776346555813.jpg
fcf2b550-e082-4be2-8803-0f34fb414d0c,usyeo7d2yzf2773,18,image_to_text,1,Henry Ford Museum of American Innovation,https://aliolo.com/storage/v1/object/public/aliolo-media/cards/fcf2b550-e082-4be2-8803-0f34fb414d0c/global_1776346555813.jpg
f6bb505d-0287-42bb-8e80-48c1a77f6006,usyeo7d2yzf2773,19,image_to_text,1,Grand Canyon,https://aliolo.com/storage/v1/object/public/aliolo-media/cards/f6bb505d-0287-42bb-8e80-48c1a77f6006/global_1776346555813.jpg
ea1c90e4-a123-4f1c-b7ee-4a8621b3f2d1,usyeo7d2yzf2773,20,image_to_text,1,Oak Alley Plantation,https://aliolo.com/storage/v1/object/public/aliolo-media/cards/ea1c90e4-a123-4f1c-b7ee-4a8621b3f2d1/global_1776346555813.jpg
86230ce4-34c2-48bd-bfe5-3dd3bf37c74d,usyeo7d2yzf2773,21,image_to_text,1,Crazy Horse Memorial,https://aliolo.com/storage/v1/object/public/aliolo-media/cards/86230ce4-34c2-48bd-bfe5-3dd3bf37c74d/global_1776346555813.jpg
48dd4fe4-295d-4c09-b262-3712597f769e,usyeo7d2yzf2773,22,image_to_text,1,Colosseum,https://aliolo.com/storage/v1/object/public/aliolo-media/cards/48dd4fe4-295d-4c09-b262-3712597f769e/global_1776346555813.jpg
a1912eef-e42f-4da7-8099-9a956ef420a0,usyeo7d2yzf2773,23,image_to_text,1,Pantheon,https://aliolo.com/storage/v1/object/public/aliolo-media/cards/a1912eef-e42f-4da7-8099-9a956ef420a0/global_1776346555813.jpg
cf0b3054-2ea3-4834-b194-a94bcd7b5440,usyeo7d2yzf2773,24,image_to_text,1,Uffizi Gallery,https://aliolo.com/storage/v1/object/public/aliolo-media/cards/cf0b3054-2ea3-4834-b194-a94bcd7b5440/global_1776346555813.jpg
33355da6-f610-4f00-ae0e-3dc370226fc6,usyeo7d2yzf2773,25,image_to_text,1,Trevi Fountain,https://aliolo.com/storage/v1/object/public/aliolo-media/cards/33355da6-f610-4f00-ae0e-3dc370226fc6/global_1776346555813.jpg
e538b407-899f-457f-b5a4-4e81ce1cda7e,usyeo7d2yzf2773,26,image_to_text,1,Leaning Tower of Pisa,https://aliolo.com/storage/v1/object/public/aliolo-media/cards/e538b407-899f-457f-b5a4-4e81ce1cda7e/global_1776346555813.jpg
cc2da3ad-26d0-42f6-8037-789bff826545,usyeo7d2yzf2773,27,image_to_text,1,Duomo di Milano,https://aliolo.com/storage/v1/object/public/aliolo-media/cards/cc2da3ad-26d0-42f6-8037-789bff826545/global_1776346555813.jpg
2d08a5a4-75ed-4550-a175-a55e546856b2,usyeo7d2yzf2773,28,image_to_text,1,Galleria Vittorio Emanuele II,https://aliolo.com/storage/v1/object/public/aliolo-media/cards/2d08a5a4-75ed-4550-a175-a55e546856b2/global_1776346555813.jpg
6ad47a7b-5916-4e08-83ff-fe2da3f94307,usyeo7d2yzf2773,29,image_to_text,1,Teatro alla Scala,https://aliolo.com/storage/v1/object/public/aliolo-media/cards/6ad47a7b-5916-4e08-83ff-fe2da3f94307/global_1776346555813.jpg
1df90a2b-3ff2-4402-8ff3-cf16d8f38225,usyeo7d2yzf2773,30,image_to_text,1,Basilica Papale di Santa Maria Maggiore,https://aliolo.com/storage/v1/object/public/aliolo-media/cards/1df90a2b-3ff2-4402-8ff3-cf16d8f38225/global_1776346555813.jpg
44d446a0-36f8-426e-beab-27250acbb372,usyeo7d2yzf2773,31,image_to_text,1,Blue Grotto,https://aliolo.com/storage/v1/object/public/aliolo-media/cards/44d446a0-36f8-426e-beab-27250acbb372/global_1776346555813.jpg
8b30e9c0-903e-4b41-ad6e-8929072c14b5,usyeo7d2yzf2773,32,image_to_text,1,Villa del Balbianello,https://aliolo.com/storage/v1/object/public/aliolo-media/cards/8b30e9c0-903e-4b41-ad6e-8929072c14b5/global_1776346555813.jpg
e8704dbd-d2c1-40dd-8bb8-5a1bcd9a2579,usyeo7d2yzf2773,33,image_to_text,1,Duomo di Siena,https://aliolo.com/storage/v1/object/public/aliolo-media/cards/e8704dbd-d2c1-40dd-8bb8-5a1bcd9a2579/global_1776346555813.jpg
d035269c-f1b0-471a-b5b9-bbf7c974ba0d,usyeo7d2yzf2773,34,image_to_text,1,Pragser Wildsee,https://aliolo.com/storage/v1/object/public/aliolo-media/cards/d035269c-f1b0-471a-b5b9-bbf7c974ba0d/global_1776346555813.jpg
5fe1b09d-163b-4fdb-828e-f7271b39478b,usyeo7d2yzf2773,35,image_to_text,1,La Sagrada Familia,https://aliolo.com/storage/v1/object/public/aliolo-media/cards/5fe1b09d-163b-4fdb-828e-f7271b39478b/global_1776346555813.jpg
d6b0dca0-edf6-4814-aac7-7e7e5e0deeb5,usyeo7d2yzf2773,36,image_to_text,1,Alhambra,https://aliolo.com/storage/v1/object/public/aliolo-media/cards/d6b0dca0-edf6-4814-aac7-7e7e5e0deeb5/global_1776346555813.jpg
e49f49b8-0eb0-43d7-b84d-225b7acf0e7f,usyeo7d2yzf2773,37,image_to_text,1,Royal Alcázar of Seville,https://aliolo.com/storage/v1/object/public/aliolo-media/cards/e49f49b8-0eb0-43d7-b84d-225b7acf0e7f/global_1776346555813.jpg
52a97c69-fe77-4ada-a28c-62c137df4fea,usyeo7d2yzf2773,38,image_to_text,1,Plaza de España,https://aliolo.com/storage/v1/object/public/aliolo-media/cards/52a97c69-fe77-4ada-a28c-62c137df4fea/global_1776346555813.jpg
27099a06-0675-45f8-9519-8a295e59e32f,usyeo7d2yzf2773,39,image_to_text,1,Guggenheim Museum Bilbao,https://aliolo.com/storage/v1/object/public/aliolo-media/cards/27099a06-0675-45f8-9519-8a295e59e32f/global_1776346555813.jpg
4109d55a-55ed-4f38-b986-764a641d0588,usyeo7d2yzf2773,40,image_to_text,1,Mosque-Cathedral of Córdoba,https://aliolo.com/storage/v1/object/public/aliolo-media/cards/4109d55a-55ed-4f38-b986-764a641d0588/global_1776346555813.jpg
fff310b8-819d-4abd-b9a0-c5a4f026891f,usyeo7d2yzf2773,41,image_to_text,1,Catedral de Sevilla,https://aliolo.com/storage/v1/object/public/aliolo-media/cards/fff310b8-819d-4abd-b9a0-c5a4f026891f/global_1776346555813.jpg
99afc677-b487-4906-9600-9dbbf9b43db2,usyeo7d2yzf2773,42,image_to_text,1,Alcazaba,https://aliolo.com/storage/v1/object/public/aliolo-media/cards/99afc677-b487-4906-9600-9dbbf9b43db2/global_1776346555813.jpg
f8af683e-516b-4d3a-899f-81002db9289f,usyeo7d2yzf2773,43,image_to_text,1,Cathedral of Santiago de Compostela,https://aliolo.com/storage/v1/object/public/aliolo-media/cards/f8af683e-516b-4d3a-899f-81002db9289f/global_1776346555813.jpg
d841d4fd-6e95-4b88-a463-d84aedd28a7a,usyeo7d2yzf2773,44,image_to_text,1,Tibidabo,https://aliolo.com/storage/v1/object/public/aliolo-media/cards/d841d4fd-6e95-4b88-a463-d84aedd28a7a/global_1776346555813.jpg
9df9aeae-fc8a-4b07-af41-ceef00cc0156,usyeo7d2yzf2773,45,image_to_text,1,Drach Caves,https://aliolo.com/storage/v1/object/public/aliolo-media/cards/9df9aeae-fc8a-4b07-af41-ceef00cc0156/global_1776346555813.jpg
cb9d9160-3565-40a6-9158-2c77222bb665,usyeo7d2yzf2773,46,image_to_text,1,Great Wall of China,https://aliolo.com/storage/v1/object/public/aliolo-media/cards/cb9d9160-3565-40a6-9158-2c77222bb665/global_1776346555813.jpg
c2276345-dc76-4810-b045-d6e04ed3ea51,usyeo7d2yzf2773,47,image_to_text,1,Forbidden City,https://aliolo.com/storage/v1/object/public/aliolo-media/cards/c2276345-dc76-4810-b045-d6e04ed3ea51/global_1776346555813.jpg
2e75c88b-99a0-4289-bed2-679f15d51ee1,usyeo7d2yzf2773,48,image_to_text,1,Emperor Qinshihuang’s Mausoleum Site,https://aliolo.com/storage/v1/object/public/aliolo-media/cards/2e75c88b-99a0-4289-bed2-679f15d51ee1/global_1776346555813.jpg
7035a808-d5de-4ae0-b369-3215b5a5cf9d,usyeo7d2yzf2773,49,image_to_text,1,Potala Palace,https://aliolo.com/storage/v1/object/public/aliolo-media/cards/7035a808-d5de-4ae0-b369-3215b5a5cf9d/global_1776346555813.jpg
b9b445c8-5f91-4f95-afed-cdd12201a2ae,usyeo7d2yzf2773,50,image_to_text,1,Temple of Heaven,https://aliolo.com/storage/v1/object/public/aliolo-media/cards/b9b445c8-5f91-4f95-afed-cdd12201a2ae/global_1776346555813.jpg
c615d6fa-f75f-42a9-a9fb-34eea696dfa4,usyeo7d2yzf2773,51,image_to_text,1,Kangrinboqe Peak,https://aliolo.com/storage/v1/object/public/aliolo-media/cards/c615d6fa-f75f-42a9-a9fb-34eea696dfa4/global_1776346555813.jpg
95e5579b-056c-4cc7-a10e-eab65c144738,usyeo7d2yzf2773,52,image_to_text,1,Shanghai Disneyland Park,https://aliolo.com/storage/v1/object/public/aliolo-media/cards/95e5579b-056c-4cc7-a10e-eab65c144738/global_1776346555813.jpg
73924320-84df-43eb-a97d-ebc8b379ece7,usyeo7d2yzf2773,53,image_to_text,1,Jiuzhai Valley National Park,https://aliolo.com/storage/v1/object/public/aliolo-media/cards/73924320-84df-43eb-a97d-ebc8b379ece7/global_1776346555813.jpg
f4bb06da-a386-4d59-a371-6aa050cc2ced,usyeo7d2yzf2773,54,image_to_text,1,Zhangjiajie National Forest Park,https://aliolo.com/storage/v1/object/public/aliolo-media/cards/f4bb06da-a386-4d59-a371-6aa050cc2ced/global_1776346555813.jpg
ffbcdbfd-e357-4b2d-a2a6-be7939bd5ef0,usyeo7d2yzf2773,55,image_to_text,1,Huashan Mountain,https://aliolo.com/storage/v1/object/public/aliolo-media/cards/ffbcdbfd-e357-4b2d-a2a6-be7939bd5ef0/global_1776346555813.jpg
8f7f7d71-59cb-49d6-a1b7-d5560fb7a9c1,usyeo7d2yzf2773,56,image_to_text,1,National Museum of China,https://aliolo.com/storage/v1/object/public/aliolo-media/cards/8f7f7d71-59cb-49d6-a1b7-d5560fb7a9c1/global_1776346555813.jpg
89b379bd-36d5-4159-b483-a528a50caacc,usyeo7d2yzf2773,57,image_to_text,1,Mount Everest,https://aliolo.com/storage/v1/object/public/aliolo-media/cards/89b379bd-36d5-4159-b483-a528a50caacc/global_1776346555813.jpg
117f4427-25c2-4e5b-87ae-b547e8f3de5a,usyeo7d2yzf2773,58,image_to_text,1,Mount Fuji,https://aliolo.com/storage/v1/object/public/aliolo-media/cards/117f4427-25c2-4e5b-87ae-b547e8f3de5a/global_1776346555813.jpg
333b713e-8e6c-4b44-a2ef-6c3c345b1da8,usyeo7d2yzf2773,59,image_to_text,1,Dotonbori,https://aliolo.com/storage/v1/object/public/aliolo-media/cards/333b713e-8e6c-4b44-a2ef-6c3c345b1da8/global_1776346555813.jpg
b6bf655d-e405-4cc7-a323-be54105a1468,usyeo7d2yzf2773,60,image_to_text,1,Tokyo Tower,https://aliolo.com/storage/v1/object/public/aliolo-media/cards/b6bf655d-e405-4cc7-a323-be54105a1468/global_1776346555813.jpg
c1e675a0-6576-456c-aa6b-9df54a06742f,usyeo7d2yzf2773,61,image_to_text,1,Kobe Port Tower,https://aliolo.com/storage/v1/object/public/aliolo-media/cards/c1e675a0-6576-456c-aa6b-9df54a06742f/global_1776346555813.jpg
38edabb7-f254-4f86-927d-e9d7bcc7e65a,usyeo7d2yzf2773,62,image_to_text,1,Tokyo Imperial Palace,https://aliolo.com/storage/v1/object/public/aliolo-media/cards/38edabb7-f254-4f86-927d-e9d7bcc7e65a/global_1776346555813.jpg
970a50d7-20f6-41dd-98c0-507fd732c7a2,usyeo7d2yzf2773,63,image_to_text,1,Hells of Beppu,https://aliolo.com/storage/v1/object/public/aliolo-media/cards/970a50d7-20f6-41dd-98c0-507fd732c7a2/global_1776346555813.jpg
c27b424d-fb67-4246-8b83-2640e00c6e2c,usyeo7d2yzf2773,64,image_to_text,1,Gyeongbokgung Palace,https://aliolo.com/storage/v1/object/public/aliolo-media/cards/c27b424d-fb67-4246-8b83-2640e00c6e2c/global_1776346555813.jpg
bbe820fe-e192-4e17-9fcc-fb3db4674c64,usyeo7d2yzf2773,65,image_to_text,1,Dongdaemun Design Plaza,https://aliolo.com/storage/v1/object/public/aliolo-media/cards/bbe820fe-e192-4e17-9fcc-fb3db4674c64/global_1776346555813.jpg
ae3104bd-c2b0-40af-b7bb-59252d04bd21,usyeo7d2yzf2773,66,image_to_text,1,National Museum of Korea,https://aliolo.com/storage/v1/object/public/aliolo-media/cards/ae3104bd-c2b0-40af-b7bb-59252d04bd21/global_1776346555813.jpg
d7c5c649-e34e-4937-8797-ba7942ae80de,usyeo7d2yzf2773,67,image_to_text,1,Great Sphinx of Giza,https://aliolo.com/storage/v1/object/public/aliolo-media/cards/d7c5c649-e34e-4937-8797-ba7942ae80de/global_1776346555813.jpg
076effd8-9873-4cc8-8309-4c0609b05af4,usyeo7d2yzf2773,68,image_to_text,1,Abu Simbel Temples,https://aliolo.com/storage/v1/object/public/aliolo-media/cards/076effd8-9873-4cc8-8309-4c0609b05af4/global_1776346555813.jpg
98555e54-6f13-4170-a3e8-fc77a0c847cf,usyeo7d2yzf2773,69,image_to_text,1,Luxor Temple,https://aliolo.com/storage/v1/object/public/aliolo-media/cards/98555e54-6f13-4170-a3e8-fc77a0c847cf/global_1776346555813.jpg
33239421-a01d-471b-baad-cb064f467659,usyeo7d2yzf2773,70,image_to_text,1,Mortuary Temple of Hatshepsut,https://aliolo.com/storage/v1/object/public/aliolo-media/cards/33239421-a01d-471b-baad-cb064f467659/global_1776346555813.jpg
a7f704a8-3ecd-4c77-828f-455d07d11e39,usyeo7d2yzf2773,71,image_to_text,1,Acropolis of Athens,https://aliolo.com/storage/v1/object/public/aliolo-media/cards/a7f704a8-3ecd-4c77-828f-455d07d11e39/global_1776346555813.jpg
e235fc68-125b-4fff-9a4a-c1b64612a4fe,usyeo7d2yzf2773,72,image_to_text,1,Delphi,https://aliolo.com/storage/v1/object/public/aliolo-media/cards/e235fc68-125b-4fff-9a4a-c1b64612a4fe/global_1776346555813.jpg
518cfa57-af32-4524-b377-3c3b8cef8486,usyeo7d2yzf2773,73,image_to_text,1,Museum of the Royal Tombs at Aigai,https://aliolo.com/storage/v1/object/public/aliolo-media/cards/518cfa57-af32-4524-b377-3c3b8cef8486/global_1776346555813.jpg
700f5405-2104-4d02-8073-3ade07673347,usyeo7d2yzf2773,74,image_to_text,1,Sydney Opera House,https://aliolo.com/storage/v1/object/public/aliolo-media/cards/700f5405-2104-4d02-8073-3ade07673347/global_1776346555813.jpg
5f087767-7243-4d11-a48f-769db152cb0e,usyeo7d2yzf2773,75,image_to_text,1,Uluru,https://aliolo.com/storage/v1/object/public/aliolo-media/cards/5f087767-7243-4d11-a48f-769db152cb0e/global_1776346555813.jpg
4826847f-010e-43f9-9da1-d2104638c2d2,usyeo7d2yzf2773,76,image_to_text,1,Twelve Apostles,https://aliolo.com/storage/v1/object/public/aliolo-media/cards/4826847f-010e-43f9-9da1-d2104638c2d2/global_1776346555813.jpg
a6a97a7f-4b4e-4ac8-bc6b-df560ce010fb,usyeo7d2yzf2773,77,image_to_text,1,Neuschwanstein Castle,https://aliolo.com/storage/v1/object/public/aliolo-media/cards/a6a97a7f-4b4e-4ac8-bc6b-df560ce010fb/global_1776346555813.jpg
f2e6e0e2-d215-447a-869b-9388debab22a,usyeo7d2yzf2773,78,image_to_text,1,Brandenburg Gate,https://aliolo.com/storage/v1/object/public/aliolo-media/cards/f2e6e0e2-d215-447a-869b-9388debab22a/global_1776346555813.jpg
3b68b438-9610-41cf-b45f-26388568d800,usyeo7d2yzf2773,79,image_to_text,1,Cologne Cathedral,https://aliolo.com/storage/v1/object/public/aliolo-media/cards/3b68b438-9610-41cf-b45f-26388568d800/global_1776346555813.jpg
27c36a86-c41a-4cbc-ad1a-b45c6a5a00c5,usyeo7d2yzf2773,80,image_to_text,1,Burj Khalifa,https://aliolo.com/storage/v1/object/public/aliolo-media/cards/27c36a86-c41a-4cbc-ad1a-b45c6a5a00c5/global_1776346555813.jpg
a45709ba-a215-416a-9077-837be353a532,usyeo7d2yzf2773,81,image_to_text,1,Burj Al Arab,https://aliolo.com/storage/v1/object/public/aliolo-media/cards/a45709ba-a215-416a-9077-837be353a532/global_1776346555813.jpg
0b246366-59c4-4002-b0b0-b1dc23ec25cc,usyeo7d2yzf2773,82,image_to_text,1,Dubai Aquarium & Underwater Zoo,https://aliolo.com/storage/v1/object/public/aliolo-media/cards/0b246366-59c4-4002-b0b0-b1dc23ec25cc/global_1776346555813.jpg
6b29d42d-3dc5-4342-8ce3-18040b48b045,usyeo7d2yzf2773,83,image_to_text,1,Royal Ontario Museum,https://aliolo.com/storage/v1/object/public/aliolo-media/cards/6b29d42d-3dc5-4342-8ce3-18040b48b045/global_1776346555813.jpg
abd34d14-7405-455d-a7d5-98f7b8f9a6bb,usyeo7d2yzf2773,84,image_to_text,1,CN Tower (Canada National),https://aliolo.com/storage/v1/object/public/aliolo-media/cards/abd34d14-7405-455d-a7d5-98f7b8f9a6bb/global_1776346555813.jpg
6f0f7269-934f-413b-b3d0-35bed600235d,usyeo7d2yzf2773,85,image_to_text,1,Moraine Lake,https://aliolo.com/storage/v1/object/public/aliolo-media/cards/6f0f7269-934f-413b-b3d0-35bed600235d/global_1776346555813.jpg
3226e9eb-9752-4c94-9681-89d958b33a6c,usyeo7d2yzf2773,86,image_to_text,1,Christ the Redeemer,https://aliolo.com/storage/v1/object/public/aliolo-media/cards/3226e9eb-9752-4c94-9681-89d958b33a6c/global_1776346555813.jpg
bb29c430-0e68-4601-99bf-218df3f49473,usyeo7d2yzf2773,87,image_to_text,1,Museu do Amanhã,https://aliolo.com/storage/v1/object/public/aliolo-media/cards/bb29c430-0e68-4601-99bf-218df3f49473/global_1776346555813.jpg
9ef693a9-56d1-4981-a1cb-d40c8beda512,usyeo7d2yzf2773,88,image_to_text,1,Salt Cathedral,https://aliolo.com/storage/v1/object/public/aliolo-media/cards/9ef693a9-56d1-4981-a1cb-d40c8beda512/global_1776346555813.jpg
38fa14cf-e430-4e90-963a-7f4e67d22a7a,usyeo7d2yzf2773,89,image_to_text,1,Plaza de Bolívar,https://aliolo.com/storage/v1/object/public/aliolo-media/cards/38fa14cf-e430-4e90-963a-7f4e67d22a7a/global_1776346555813.jpg
018f1788-394a-426f-9cf4-cd47d8793a51,usyeo7d2yzf2773,90,image_to_text,1,The Little Mermaid,https://aliolo.com/storage/v1/object/public/aliolo-media/cards/018f1788-394a-426f-9cf4-cd47d8793a51/global_1776346555813.jpg
91a2c6cd-6367-4e4d-bf5b-bf73fa0eaffa,usyeo7d2yzf2773,91,image_to_text,1,Tivoli Gardens,https://aliolo.com/storage/v1/object/public/aliolo-media/cards/91a2c6cd-6367-4e4d-bf5b-bf73fa0eaffa/global_1776346555813.jpg
78d2a555-bfe5-4537-a798-28b29434c833,usyeo7d2yzf2773,92,image_to_text,1,Amalienborg,https://aliolo.com/storage/v1/object/public/aliolo-media/cards/78d2a555-bfe5-4537-a798-28b29434c833/global_1776346555813.jpg
557053dd-ed9e-42b7-8ce4-fc0b12d19b93,usyeo7d2yzf2773,93,image_to_text,1,Tower of London,https://aliolo.com/storage/v1/object/public/aliolo-media/cards/557053dd-ed9e-42b7-8ce4-fc0b12d19b93/global_1776346555813.jpg
009ab84c-3d72-472e-8f2d-a8b3ff05d713,usyeo7d2yzf2773,94,image_to_text,1,Buckingham Palace,https://aliolo.com/storage/v1/object/public/aliolo-media/cards/009ab84c-3d72-472e-8f2d-a8b3ff05d713/global_1776346555813.jpg
e566d0fa-bc4d-4430-a25c-12e9871fb7e6,usyeo7d2yzf2773,95,image_to_text,1,The British Museum,https://aliolo.com/storage/v1/object/public/aliolo-media/cards/e566d0fa-bc4d-4430-a25c-12e9871fb7e6/global_1776346555813.jpg
80f8a693-d8b7-472d-8488-457504df74fb,usyeo7d2yzf2773,96,image_to_text,1,Stonehenge,https://aliolo.com/storage/v1/object/public/aliolo-media/cards/80f8a693-d8b7-472d-8488-457504df74fb/global_1776346555813.jpg
329f0d4e-f5f1-49e8-b8b0-3bfaaa492d62,usyeo7d2yzf2773,97,image_to_text,1,Windsor Castle,https://aliolo.com/storage/v1/object/public/aliolo-media/cards/329f0d4e-f5f1-49e8-b8b0-3bfaaa492d62/global_1776346555813.jpg
baee8343-7d79-4267-ac51-c87871cb47e1,usyeo7d2yzf2773,98,image_to_text,1,The Shard,https://aliolo.com/storage/v1/object/public/aliolo-media/cards/baee8343-7d79-4267-ac51-c87871cb47e1/global_1776346555813.jpg
1c8c7f3e-59b9-4452-a21f-c29042b00a4f,usyeo7d2yzf2773,99,image_to_text,1,Westminster Abbey,https://aliolo.com/storage/v1/object/public/aliolo-media/cards/1c8c7f3e-59b9-4452-a21f-c29042b00a4f/global_1776346555813.jpg
501538e8-1658-473c-8534-7c8975594165,usyeo7d2yzf2773,100,image_to_text,1,Havana Cathedral,https://aliolo.com/storage/v1/object/public/aliolo-media/cards/501538e8-1658-473c-8534-7c8975594165/global_1776346555813.jpg
894c0883-3432-4478-8ec0-3e4a8374a7c1,usyeo7d2yzf2773,101,image_to_text,1,José Martí Memorial,https://aliolo.com/storage/v1/object/public/aliolo-media/cards/894c0883-3432-4478-8ec0-3e4a8374a7c1/global_1776346555813.jpg
81b03b2d-9308-4e26-ae0e-e596305b7799,usyeo7d2yzf2773,102,image_to_text,1,Boganda National Museum,https://aliolo.com/storage/v1/object/public/aliolo-media/cards/81b03b2d-9308-4e26-ae0e-e596305b7799/global_1776346555813.png
c4cd173a-a7d3-4cf4-b5ce-a7bd5227e2c3,usyeo7d2yzf2773,103,image_to_text,1,Manolo-Gounda-St Floris National Park,https://aliolo.com/storage/v1/object/public/aliolo-media/cards/c4cd173a-a7d3-4cf4-b5ce-a7bd5227e2c3/global_1776346555813.webp
a381ba95-0e07-46d1-8932-f96e98408fd6,usyeo7d2yzf2773,104,image_to_text,1,Archaeological Site of the Tombs of the Kings,https://aliolo.com/storage/v1/object/public/aliolo-media/cards/a381ba95-0e07-46d1-8932-f96e98408fd6/global_1776346555813.jpg
fccfd288-7cf5-4721-b6dc-16a0314007cb,usyeo7d2yzf2773,105,image_to_text,1,Kolossi Castle,https://aliolo.com/storage/v1/object/public/aliolo-media/cards/fccfd288-7cf5-4721-b6dc-16a0314007cb/global_1776346555813.jpg
facc6523-99e1-432e-9e1f-ccbbd83e4247,usyeo7d2yzf2773,106,image_to_text,1,Taj Mahal,https://aliolo.com/storage/v1/object/public/aliolo-media/cards/facc6523-99e1-432e-9e1f-ccbbd83e4247/global_1776346555813.jpg
61eab139-5563-4c28-94f7-e08df63361fb,usyeo7d2yzf2773,107,image_to_text,1,Red Fort,https://aliolo.com/storage/v1/object/public/aliolo-media/cards/61eab139-5563-4c28-94f7-e08df63361fb/global_1776346555813.jpg
0c673dd8-478a-4f12-9d7a-d995ec4cb59f,usyeo7d2yzf2773,108,image_to_text,1,Badshahi Mosque,https://aliolo.com/storage/v1/object/public/aliolo-media/cards/0c673dd8-478a-4f12-9d7a-d995ec4cb59f/global_1776346555813.jpg
7feddbae-24a5-4768-a388-d308756016c0,usyeo7d2yzf2773,109,image_to_text,1,"K2, Karakoram",https://aliolo.com/storage/v1/object/public/aliolo-media/cards/7feddbae-24a5-4768-a388-d308756016c0/global_1776346555813.jpg
07c8458b-4bb2-42cd-8227-6cd5c08bb324,usyeo7d2yzf2773,110,image_to_text,1,Tai Kwun,https://aliolo.com/storage/v1/object/public/aliolo-media/cards/07c8458b-4bb2-42cd-8227-6cd5c08bb324/global_1776346555813.jpg
61f42c20-4135-4f2c-8d1d-03a37fa69c51,usyeo7d2yzf2773,111,image_to_text,1,Hong Kong Disneyland,https://aliolo.com/storage/v1/object/public/aliolo-media/cards/61f42c20-4135-4f2c-8d1d-03a37fa69c51/global_1776346555813.jpg
e7bf4d37-9f1f-4f90-8772-3601a20b3e9e,usyeo7d2yzf2773,112,image_to_text,1,Chichén Itzá,https://aliolo.com/storage/v1/object/public/aliolo-media/cards/e7bf4d37-9f1f-4f90-8772-3601a20b3e9e/global_1776346555813.jpg
dca83721-a4fd-4d9c-b7b1-ef768748da39,usyeo7d2yzf2773,113,image_to_text,1,Chapultepec Castle,https://aliolo.com/storage/v1/object/public/aliolo-media/cards/dca83721-a4fd-4d9c-b7b1-ef768748da39/global_1776346555813.jpg
678447e0-9800-4bee-bf8e-3cdf5532a3e0,usyeo7d2yzf2773,114,image_to_text,1,Zona Arqueológica Palenque,https://aliolo.com/storage/v1/object/public/aliolo-media/cards/678447e0-9800-4bee-bf8e-3cdf5532a3e0/global_1776346555813.jpg
f00e124b-449e-4fe2-af2c-4e59f07c413f,usyeo7d2yzf2773,115,image_to_text,1,Museo Nacional de Antropología,https://aliolo.com/storage/v1/object/public/aliolo-media/cards/f00e124b-449e-4fe2-af2c-4e59f07c413f/global_1776346555813.jpg
d784be23-58d0-4520-b4f3-0b93d736fcca,usyeo7d2yzf2773,116,image_to_text,1,Rock of Cashel,https://aliolo.com/storage/v1/object/public/aliolo-media/cards/d784be23-58d0-4520-b4f3-0b93d736fcca/global_1776346555813.jpg
d96051c1-104e-4251-8096-a1a0d7ac6101,usyeo7d2yzf2773,117,image_to_text,1,Dublin Castle,https://aliolo.com/storage/v1/object/public/aliolo-media/cards/d96051c1-104e-4251-8096-a1a0d7ac6101/global_1776346555813.jpg
3df16ee7-e332-4130-a1fe-21fac5819327,usyeo7d2yzf2773,118,image_to_text,1,Kilmainham Gaol,https://aliolo.com/storage/v1/object/public/aliolo-media/cards/3df16ee7-e332-4130-a1fe-21fac5819327/global_1776346555813.jpg
6bf19c35-ef24-45ae-b50d-4a466b4cf0c5,usyeo7d2yzf2773,119,image_to_text,1,St Patrick’s Cathedral,https://aliolo.com/storage/v1/object/public/aliolo-media/cards/6bf19c35-ef24-45ae-b50d-4a466b4cf0c5/global_1776346555813.jpg
cc863dc3-3a80-489a-a104-680c10600043,usyeo7d2yzf2773,120,image_to_text,1,Jerónimos Monastery,https://aliolo.com/storage/v1/object/public/aliolo-media/cards/cc863dc3-3a80-489a-a104-680c10600043/global_1776346555813.jpg
64cad0f3-c75a-417a-8dbd-1c1d37f4d32e,usyeo7d2yzf2773,121,image_to_text,1,Pena Palace,https://aliolo.com/storage/v1/object/public/aliolo-media/cards/64cad0f3-c75a-417a-8dbd-1c1d37f4d32e/global_1776346555813.jpg
3fc28854-e196-4427-a5c3-e326c2dcb1a7,usyeo7d2yzf2773,122,image_to_text,1,Quinta da Regaleira,https://aliolo.com/storage/v1/object/public/aliolo-media/cards/3fc28854-e196-4427-a5c3-e326c2dcb1a7/global_1776346555813.jpg
f7b42324-cbeb-4cd7-a534-6ca4c964b841,usyeo7d2yzf2773,123,image_to_text,1,Fish River Canyon,https://aliolo.com/storage/v1/object/public/aliolo-media/cards/f7b42324-cbeb-4cd7-a534-6ca4c964b841/global_1776346555813.jpg
ca140472-8ada-4709-9ebf-aa170f9a8387,usyeo7d2yzf2773,124,image_to_text,1,Sossusvlei,https://aliolo.com/storage/v1/object/public/aliolo-media/cards/ca140472-8ada-4709-9ebf-aa170f9a8387/global_1776346555813.jpg
4ff4e522-1fc3-4b86-975b-87f375b7da18,usyeo7d2yzf2773,125,image_to_text,1,Spitzkoppe,https://aliolo.com/storage/v1/object/public/aliolo-media/cards/4ff4e522-1fc3-4b86-975b-87f375b7da18/global_1776346555813.jpg
89122a6c-4300-48fc-b5d4-30a4ea64fd2b,usyeo7d2yzf2773,126,image_to_text,1,Aloba Arch,https://aliolo.com/storage/v1/object/public/aliolo-media/cards/89122a6c-4300-48fc-b5d4-30a4ea64fd2b/global_1776346555813.jpg
fa9dd052-6d3e-47d6-895a-1fea4c90972f,usyeo7d2yzf2773,127,image_to_text,1,Guelta d’Archei Lake,https://aliolo.com/storage/v1/object/public/aliolo-media/cards/fa9dd052-6d3e-47d6-895a-1fea4c90972f/global_1776346555813.jpg
0ba931a4-20a6-42ec-959b-f116a14f812c,usyeo7d2yzf2773,128,image_to_text,1,Chad National Museum,https://aliolo.com/storage/v1/object/public/aliolo-media/cards/0ba931a4-20a6-42ec-959b-f116a14f812c/global_1776346555813.jpg
91ed1734-a5be-426d-8e0b-8aec8bc22a80,usyeo7d2yzf2773,129,image_to_text,1,Pyramids of Meroë (West),https://aliolo.com/storage/v1/object/public/aliolo-media/cards/91ed1734-a5be-426d-8e0b-8aec8bc22a80/global_1776346555813.jpg
36e21300-bfda-457b-ac66-adc131125f29,usyeo7d2yzf2773,130,image_to_text,1,Taka Mountains,https://aliolo.com/storage/v1/object/public/aliolo-media/cards/36e21300-bfda-457b-ac66-adc131125f29/global_1776346555813.jpg
c7a8802d-60a7-46f3-be58-64f54dfd41b6,usyeo7d2yzf2773,131,image_to_text,1,Republican Palace Museum,https://aliolo.com/storage/v1/object/public/aliolo-media/cards/c7a8802d-60a7-46f3-be58-64f54dfd41b6/global_1776346555813.jpg
e5dc1181-0dfb-4198-9ffa-f44cc142e01e,usyeo7d2yzf2773,132,image_to_text,1,Fasil Ghebbi Castle & Kuskuam Palace,https://aliolo.com/storage/v1/object/public/aliolo-media/cards/e5dc1181-0dfb-4198-9ffa-f44cc142e01e/global_1776346555813.jpg
d968f5c7-ec27-43c4-9657-f01e8f044783,usyeo7d2yzf2773,133,image_to_text,1,Rock-Hewn Churches,https://aliolo.com/storage/v1/object/public/aliolo-media/cards/d968f5c7-ec27-43c4-9657-f01e8f044783/global_1776346555813.jpg
39dba7d3-0dea-46ab-82e1-43ccbc6fd197,usyeo7d2yzf2773,134,image_to_text,1,National Museum of Ethiopia,https://aliolo.com/storage/v1/object/public/aliolo-media/cards/39dba7d3-0dea-46ab-82e1-43ccbc6fd197/global_1776346555813.jpg
c218742f-1155-4325-9003-a5b0da7766db,usyeo7d2yzf2773,135,image_to_text,1,Andohalo,https://aliolo.com/storage/v1/object/public/aliolo-media/cards/c218742f-1155-4325-9003-a5b0da7766db/global_1776346555813.jpg
72621fae-706c-468c-bc30-de637fd1cd6d,usyeo7d2yzf2773,136,image_to_text,1,Isalo National Park,https://aliolo.com/storage/v1/object/public/aliolo-media/cards/72621fae-706c-468c-bc30-de637fd1cd6d/global_1776346555813.jpg
be4ed152-4bd5-4d22-974e-b8464ce66939,usyeo7d2yzf2773,137,image_to_text,1,Montagne d’Ambre National Park,https://aliolo.com/storage/v1/object/public/aliolo-media/cards/be4ed152-4bd5-4d22-974e-b8464ce66939/global_1776346555813.jpg
d1cdb9c4-cb0c-49c2-be30-2f7a66d59940,usyeo7d2yzf2773,138,image_to_text,1,Kruger National Park,https://aliolo.com/storage/v1/object/public/aliolo-media/cards/d1cdb9c4-cb0c-49c2-be30-2f7a66d59940/global_1776346555813.jpg
f6d49317-dc97-45ff-a161-389cd1e4844b,usyeo7d2yzf2773,139,image_to_text,1,Castle of Good Hope,https://aliolo.com/storage/v1/object/public/aliolo-media/cards/f6d49317-dc97-45ff-a161-389cd1e4844b/global_1776346555813.jpg
b911dd3e-86fa-4a54-bcb7-d8e2747c3020,usyeo7d2yzf2773,140,image_to_text,1,Voortrekker Monument,https://aliolo.com/storage/v1/object/public/aliolo-media/cards/b911dd3e-86fa-4a54-bcb7-d8e2747c3020/global_1776346555813.jpg
c1931bf5-1510-4095-b342-dbcbfbebd71b,usyeo7d2yzf2773,141,image_to_text,1,Cradle of Humankind,https://aliolo.com/storage/v1/object/public/aliolo-media/cards/c1931bf5-1510-4095-b342-dbcbfbebd71b/global_1776346555813.jpg
aa48acb3-ec44-4170-8a98-f6a4ce7b45cb,usyeo7d2yzf2773,142,image_to_text,1,Mount Nyiragongo,https://aliolo.com/storage/v1/object/public/aliolo-media/cards/aa48acb3-ec44-4170-8a98-f6a4ce7b45cb/global_1776346555813.jpg
4d83ef53-ce99-40c3-9e25-3ed5494b980b,usyeo7d2yzf2773,143,image_to_text,1,Mount Sabyinyo,https://aliolo.com/storage/v1/object/public/aliolo-media/cards/4d83ef53-ce99-40c3-9e25-3ed5494b980b/global_1776346555813.jpg
b1c463dc-fedb-418f-98f9-f8432f6a1d01,usyeo7d2yzf2773,144,image_to_text,1,National Museum of the Democratic Republic of the Congo,https://aliolo.com/storage/v1/object/public/aliolo-media/cards/b1c463dc-fedb-418f-98f9-f8432f6a1d01/global_1776346555813.jpg
41cc33f6-03a0-4250-89d8-282cf267660f,usyeo7d2yzf2773,145,image_to_text,1,Gravensteen,https://aliolo.com/storage/v1/object/public/aliolo-media/cards/41cc33f6-03a0-4250-89d8-282cf267660f/global_1776346555813.jpg
a62def5a-f063-4088-afda-edb618ff36da,usyeo7d2yzf2773,146,image_to_text,1,Royal Palace of Brussels,https://aliolo.com/storage/v1/object/public/aliolo-media/cards/a62def5a-f063-4088-afda-edb618ff36da/global_1776346555813.jpg
c38f2fd1-a6fa-45d1-839b-63c04e97cd2c,usyeo7d2yzf2773,147,image_to_text,1,Menin Gate,https://aliolo.com/storage/v1/object/public/aliolo-media/cards/c38f2fd1-a6fa-45d1-839b-63c04e97cd2c/global_1776346555813.jpg
73fc2c74-9b2d-463b-bf39-102ac5c893c3,usyeo7d2yzf2773,148,image_to_text,1,Hagia Sophia,https://aliolo.com/storage/v1/object/public/aliolo-media/cards/73fc2c74-9b2d-463b-bf39-102ac5c893c3/global_1776346555813.jpg
446b8e19-2051-4312-8a08-c6f6c612a369,usyeo7d2yzf2773,149,image_to_text,1,The Blue Mosque,https://aliolo.com/storage/v1/object/public/aliolo-media/cards/446b8e19-2051-4312-8a08-c6f6c612a369/global_1776346555813.jpg
4a97118e-2d47-4cfc-ba4c-74bffdaff84a,usyeo7d2yzf2773,150,image_to_text,1,Basilica Cistern,https://aliolo.com/storage/v1/object/public/aliolo-media/cards/4a97118e-2d47-4cfc-ba4c-74bffdaff84a/global_1776346555813.jpg
0427e3ce-73ff-4c42-8cff-3bc0f81c77fe,usyeo7d2yzf2773,151,image_to_text,1,Angkor,https://aliolo.com/storage/v1/object/public/aliolo-media/cards/0427e3ce-73ff-4c42-8cff-3bc0f81c77fe/global_1776346555813.jpg
d316cd26-8f32-44c4-a8c6-37093925e0c1,usyeo7d2yzf2773,152,image_to_text,1,Machu Picchu,https://aliolo.com/storage/v1/object/public/aliolo-media/cards/d316cd26-8f32-44c4-a8c6-37093925e0c1/global_1776346555813.jpg
45e6ca25-64eb-439c-95bc-76b51b2b24d2,usyeo7d2yzf2773,153,image_to_text,1,"Mount Rushmore, USA",https://aliolo.com/storage/v1/object/public/aliolo-media/cards/45e6ca25-64eb-439c-95bc-76b51b2b24d2/global_1776346555813.jpg
2e2c6666-9946-464d-8e13-b8e003ee3f71,usyeo7d2yzf2773,154,image_to_text,1,Mont St Michael,https://aliolo.com/storage/v1/object/public/aliolo-media/cards/2e2c6666-9946-464d-8e13-b8e003ee3f71/global_1776346555813.jpg
e120a236-46ca-43df-8f6b-75bb7dc2350f,usyeo7d2yzf2773,155,image_to_text,1,St Basil’s Cathedral,https://aliolo.com/storage/v1/object/public/aliolo-media/cards/e120a236-46ca-43df-8f6b-75bb7dc2350f/global_1776346555813.jpg
1d960d12-7860-47ce-9694-29903e133590,usyeo7d2yzf2773,156,image_to_text,1,Easter Island,https://aliolo.com/storage/v1/object/public/aliolo-media/cards/1d960d12-7860-47ce-9694-29903e133590/global_1776346555813.jpg
a400615c-f71c-4d72-b3b7-81982ab0257c,usyeo7d2yzf2773,157,image_to_text,1,"Golden Gate Bridge, San Francisco, USA",https://aliolo.com/storage/v1/object/public/aliolo-media/cards/a400615c-f71c-4d72-b3b7-81982ab0257c/global_1776346555813.jpg
faf91c4b-02c3-49a8-989c-87e785f74121,usyeo7d2yzf2773,158,image_to_text,1,Neuschwanstein Castle,https://aliolo.com/storage/v1/object/public/aliolo-media/cards/faf91c4b-02c3-49a8-989c-87e785f74121/global_1776346555813.jpg
2ffb4f52-d4c7-4138-ab76-93062e90bc66,usyeo7d2yzf2773,159,image_to_text,1,Victoria Falls,https://aliolo.com/storage/v1/object/public/aliolo-media/cards/2ffb4f52-d4c7-4138-ab76-93062e90bc66/global_1776346555813.jpg
e6fe36aa-ed3a-4e1e-b9c4-d93c8f9c47fc,usyeo7d2yzf2773,160,image_to_text,1,The Western Wall,https://aliolo.com/storage/v1/object/public/aliolo-media/cards/e6fe36aa-ed3a-4e1e-b9c4-d93c8f9c47fc/global_1776346555813.jpg
1c40c7b5-e78b-42a0-abb5-a436016841c9,usyeo7d2yzf2773,161,image_to_text,1,Giant’s Causeway,https://aliolo.com/storage/v1/object/public/aliolo-media/cards/1c40c7b5-e78b-42a0-abb5-a436016841c9/global_1776346555813.jpg
56aa36e1-1258-45d7-b8f3-27a44c6ebfd5,usyeo7d2yzf2773,162,image_to_text,1,The Grand Palace,https://aliolo.com/storage/v1/object/public/aliolo-media/cards/56aa36e1-1258-45d7-b8f3-27a44c6ebfd5/global_1776346555813.jpg
67ab5db4-0920-4f9d-b5a5-8ef96a6689b8,usyeo7d2yzf2773,163,image_to_text,1,Petra,https://aliolo.com/storage/v1/object/public/aliolo-media/cards/67ab5db4-0920-4f9d-b5a5-8ef96a6689b8/global_1776346555813.jpg
ec88efd6-5a8e-40aa-9f16-30226ddc03d3,usyeo7d2yzf2773,164,image_to_text,1,Ha Long Bay,https://aliolo.com/storage/v1/object/public/aliolo-media/cards/ec88efd6-5a8e-40aa-9f16-30226ddc03d3/global_1776346555813.jpg
f02f6eed-837e-4f91-9cbe-b5574b6d4a8e,usyeo7d2yzf2773,165,image_to_text,1,Blue Domes of Oia,https://aliolo.com/storage/v1/object/public/aliolo-media/cards/f02f6eed-837e-4f91-9cbe-b5574b6d4a8e/global_1776346555813.jpg
7b87f8f1-f5a2-4284-bbbc-ce98b35e984e,usyeo7d2yzf2773,166,image_to_text,1,Big Ben,https://aliolo.com/storage/v1/object/public/aliolo-media/cards/7b87f8f1-f5a2-4284-bbbc-ce98b35e984e/global_1776346555813.jpg
3fec6bf8-6a10-49db-9f7e-1e8bfd39f364,usyeo7d2yzf2773,167,image_to_text,1,Hollywood,https://aliolo.com/storage/v1/object/public/aliolo-media/cards/3fec6bf8-6a10-49db-9f7e-1e8bfd39f364/global_1776346555813.jpg
42577bab-6d15-4e06-bc8b-df18e5f39a86,usyeo7d2yzf2773,168,image_to_text,1,Empire State Building,https://aliolo.com/storage/v1/object/public/aliolo-media/cards/42577bab-6d15-4e06-bc8b-df18e5f39a86/global_1776346555813.jpg
9ec4863c-4253-4560-a7e6-c032616736eb,usyeo7d2yzf2773,169,image_to_text,1,One World Trade Center,https://aliolo.com/storage/v1/object/public/aliolo-media/cards/9ec4863c-4253-4560-a7e6-c032616736eb/global_1776346555813.jpg
61612521-f2dc-429d-972b-273e28f266bf,usyeo7d2yzf2773,170,image_to_text,1,Times Square,https://aliolo.com/storage/v1/object/public/aliolo-media/cards/61612521-f2dc-429d-972b-273e28f266bf/global_1776346555813.jpg
b9da709d-8eee-4d10-87e1-7fac7049f510,usyeo7d2yzf2773,171,image_to_text,1,Chrysler Building,https://aliolo.com/storage/v1/object/public/aliolo-media/cards/b9da709d-8eee-4d10-87e1-7fac7049f510/global_1776346555813.jpg
a06ae7a3-85ba-4fd6-b570-3260e0af024d,usyeo7d2yzf2773,172,image_to_text,1,Ellis Island,https://aliolo.com/storage/v1/object/public/aliolo-media/cards/a06ae7a3-85ba-4fd6-b570-3260e0af024d/global_1776346555813.jpg
d86b4d1a-b443-4186-bc39-3424a0252423,usyeo7d2yzf2773,173,image_to_text,1,Cloud Gate,https://aliolo.com/storage/v1/object/public/aliolo-media/cards/d86b4d1a-b443-4186-bc39-3424a0252423/global_1776346555813.jpg
a0383ca1-6acc-43f3-aa22-d175dac9055d,usyeo7d2yzf2773,174,image_to_text,1,Broadway,https://aliolo.com/storage/v1/object/public/aliolo-media/cards/a0383ca1-6acc-43f3-aa22-d175dac9055d/global_1776346555813.jpg
4b23de0e-7b16-43f2-b098-dcfbffb36219,usyeo7d2yzf2773,175,image_to_text,1,Hoover Dam,https://aliolo.com/storage/v1/object/public/aliolo-media/cards/4b23de0e-7b16-43f2-b098-dcfbffb36219/global_1776346555813.jpg
cc22c3da-42ab-4129-90c1-3452c1f52cfb,usyeo7d2yzf2773,176,image_to_text,1,"Seattle Space Needle, Seattle, USA",https://aliolo.com/storage/v1/object/public/aliolo-media/cards/cc22c3da-42ab-4129-90c1-3452c1f52cfb/global_1776346555813.jpg
e3e2dedd-53e2-4e92-80ad-52923fe8927a,usyeo7d2yzf2773,177,image_to_text,1,"Yellowstone National Park, USA",https://aliolo.com/storage/v1/object/public/aliolo-media/cards/e3e2dedd-53e2-4e92-80ad-52923fe8927a/global_1776346555813.jpg
06622121-ffff-495a-8ec4-092865750a7a,usyeo7d2yzf2773,178,image_to_text,1,Niagara Falls,https://aliolo.com/storage/v1/object/public/aliolo-media/cards/06622121-ffff-495a-8ec4-092865750a7a/global_1776346555813.jpg
5dd47250-990a-4f86-9354-2e0ec6d13912,usyeo7d2yzf2773,179,image_to_text,1,The White House,https://aliolo.com/storage/v1/object/public/aliolo-media/cards/5dd47250-990a-4f86-9354-2e0ec6d13912/global_1776346555813.jpg
0a700002-4a37-4234-841a-9a567c9ad732,usyeo7d2yzf2773,180,image_to_text,1,Kennedy Space Center,https://aliolo.com/storage/v1/object/public/aliolo-media/cards/0a700002-4a37-4234-841a-9a567c9ad732/global_1776346555813.jpg
65619e4e-37c2-4e5f-a310-48ed72626c8d,usyeo7d2yzf2773,181,image_to_text,1,One World Trade Center,https://aliolo.com/storage/v1/object/public/aliolo-media/cards/65619e4e-37c2-4e5f-a310-48ed72626c8d/global_1776346555813.jpg
99c23ee9-c247-40aa-8f7b-9c3a900445dc,usyeo7d2yzf2773,182,image_to_text,1,Wright Brothers National Memorial,https://aliolo.com/storage/v1/object/public/aliolo-media/cards/99c23ee9-c247-40aa-8f7b-9c3a900445dc/global_1776346555813.jpg
d2cd32be-789f-4973-a20c-3ed5a736b64f,usyeo7d2yzf2773,183,image_to_text,1,The Bund,https://aliolo.com/storage/v1/object/public/aliolo-media/cards/d2cd32be-789f-4973-a20c-3ed5a736b64f/global_1776346555813.png
8ea792e2-b376-4202-a973-389dfb09659c,usyeo7d2yzf2773,184,image_to_text,1,Shangri-La,https://aliolo.com/storage/v1/object/public/aliolo-media/cards/8ea792e2-b376-4202-a973-389dfb09659c/global_1776346555813.png
c2175953-f3d6-40f2-89f6-985a5e7afacd,usyeo7d2yzf2773,185,image_to_text,1,Chengdu Dujiangyan Panda Base,https://aliolo.com/storage/v1/object/public/aliolo-media/cards/c2175953-f3d6-40f2-89f6-985a5e7afacd/global_1776346555813.jpg
90c354d4-87c5-414e-95df-91590828ca33,usyeo7d2yzf2773,186,image_to_text,1,Tiananmen Square,https://aliolo.com/storage/v1/object/public/aliolo-media/cards/90c354d4-87c5-414e-95df-91590828ca33/global_1776346555813.jpg
2ea0fa41-1971-4308-9ae7-f64438f617c6,usyeo7d2yzf2773,187,image_to_text,1,"Mount Hua, Huayin",https://aliolo.com/storage/v1/object/public/aliolo-media/cards/2ea0fa41-1971-4308-9ae7-f64438f617c6/global_1776346555813.png
3e494cee-77da-4a5b-898a-51ecae9d015c,usyeo7d2yzf2773,188,image_to_text,1,Shanghai Tower,https://aliolo.com/storage/v1/object/public/aliolo-media/cards/3e494cee-77da-4a5b-898a-51ecae9d015c/global_1776346555813.png
a263b8da-b2c7-48c4-b1ce-ec374c3854c1,usyeo7d2yzf2773,189,image_to_text,1,Harbin Ice & Snow World,https://aliolo.com/storage/v1/object/public/aliolo-media/cards/a263b8da-b2c7-48c4-b1ce-ec374c3854c1/global_1776346555813.jpg
78c09403-5256-4446-a0c1-b4cf6ca11a4a,usyeo7d2yzf2773,190,image_to_text,1,Palace of Westminster,https://aliolo.com/storage/v1/object/public/aliolo-media/cards/78c09403-5256-4446-a0c1-b4cf6ca11a4a/global_1776346555813.jpg
f5959cd0-d380-4901-a030-a155a03fac89,usyeo7d2yzf2773,191,image_to_text,1,Westminster Abbey,https://aliolo.com/storage/v1/object/public/aliolo-media/cards/f5959cd0-d380-4901-a030-a155a03fac89/global_1776346555813.jpg
